pt,y,weight
70.23653666639045,-1.3232802806453383,-1.056124491271951
12.799334887914798,0.7077963636062641,-7.2792167205534435
57.3635638704984,-1.6341821374017398,-1.7378559691729982
50.32518709329179,-0.8113633825201674,-1.964143472089739
45.10248267566966,-0.1664568411111448,-2.2832249680552046
0.7332203443430882,-0.2986297209470345,-11.499286001085077
3.120981939382278,2.370718481935125,-9.837660146262916
56.799832219461976,-1.2903529967777845,-1.357245795801054
51.17324994958382,-2.252871240155576,-1.633740409590655
17.718096254506786,3.3579531925892008,-4.537865582830239
18.38600367264929,1.1704273492380513,-6.054327731099347
7.048173574076306,-0.0664360959833512,-8.762616458093627
23.774292043721196,-0.6631411346528547,-4.252944016502817
50.69820780799865,1.3670686190947037,-2.0997508421706925
58.27322075971792,-1.043089166790232,-1.5710752340740333
54.27980317372408,1.7954648956078474,-1.4591868207897578
52.92720845169512,1.930010153362868,-1.8087306481572745
11.259326072902171,1.4264305905793355,-6.863041220955412
6.18092975922893,-0.8709549730503929,-8.813200799458611
12.950910998409368,0.7905457515712484,-7.288667757101872
67.83760331327947,0.1137650866282164,-0.968309951906616
3.545963998157415,-3.794054756271252,-9.176083978539992
71.85098880550686,-0.5917315487707209,-1.0053354983972371
23.18223301660646,-1.830090762223844,-4.429011053249085
35.685936311673025,0.2073298355879562,-3.1629125110726384
62.85080303517819,0.6197535728152339,-1.183725403949413
9.170088301722071,-0.3936139557397078,-7.062091230505677
76.24748192590464,-1.808265932638426,-0.6625721411803828
93.75812104787772,1.2374264651742397,-0.4030407640723648
25.32655292710929,-2.880699491263285,-3.580514584785931
224.56786124856868,-0.4049027041316978,-0.0057187942386164
33.03538693020902,0.1528951680043793,-3.023944455012397
20.465797478284777,2.143083200298165,-4.540164736952317
7.679016500723858,-3.716531346417338,-8.199655561117755
7.299166961697464,1.1176641842054056,-6.337405002884642
28.419553113343504,0.0873851944910361,-4.401965258372787
16.05999694774213,-1.8438635826960783,-5.649412444839971
56.497454305711166,-0.614852430582549,-1.5701675914830768
29.6058309315208,3.1917889462503704,-4.0954119045321695
36.80147722481995,-2.6879747723012724,-3.4978362565676533
48.80150288416359,-0.1227279158736733,-2.2802989725161225
82.90157848437434,1.4372647213617242,-0.5854012824972813
13.251777427265374,0.7784227098949035,-7.354929258280865
128.61413459227975,-0.2098481119773885,-0.1235271836207607
23.18360170911317,2.914960255287974,-5.142168616436421
21.24501256072226,3.0562300305502275,-4.877660464719669
11.283806563258109,0.7188208596038642,-7.469577339626627
37.9291560049266,-1.9112488721410577,-2.988128755325818
24.227988803081217,1.6710517541964798,-4.5917284398576
1.6400681533169756,-0.1571443496562228,-9.917926613865458
20.622883528303408,-3.4170867160328218,-4.367583767399368
24.626602796941864,1.4486143677724972,-4.504255477121018
1.778037550632728,-1.7359705943532506,-8.097114867105288
34.37177820857721,2.4666381655503984,-2.627147116322397
38.06801381288777,-3.2958284962373585,-3.0674343965191566
37.51225206002732,-1.544671984235195,-2.8533502898465617
36.543959177672726,4.109433875680619,-2.620871641630946
18.050516626216773,-1.5455077062163851,-5.563028983421016
33.687237479743224,-0.944377895732044,-3.742582949366709
87.7122774488198,1.704266194228333,-0.460857554634052
23.27060997824687,-0.5451647655043971,-3.6955762196873394
28.217075089909915,-1.1839569570906152,-4.235297148390087
13.311346132071776,3.01520146540455,-6.708713672681634
22.63612654214668,2.8201957947767813,-5.13560537754603
39.56539022177672,0.015348031753973,-2.951316777618984
5.929421355204156,2.034764621389313,-7.160212294719651
31.44387934806951,-0.7563887072016433,-2.9297032605139357
87.64499265298417,0.0238891624914975,-0.554469675211488
89.29547709437631,-1.1668324462634296,-0.5497462842545016
4.472737627563568,0.997188723701584,-8.074906655052251
3.023241392927845,-1.4429011870577195,-10.412271621389609
20.77533090629277,1.8563939491999333,-4.371913070658386
15.396241522999048,0.6390471109228439,-6.304180426999669
12.452746495672724,4.322645245620191,-7.2678727767536
22.261758809461988,2.030916474682418,-5.6793304377902585
1.8290255664493404,0.2617616636439392,-8.931137415817345
5.536192479136606,1.7930367606717017,-6.667397433927511
14.571969333675046,-0.4173875779687478,-4.990026857518955
70.66219058498045,-2.7386436970253527,-1.1214555913119737
6.265464866942095,-1.1518550172938165,-8.50753950141424
6.018966738662306,0.272518795843916,-9.399952109749636
73.12282198901227,1.3533209454224169,-0.9087093858292086
25.598422486129344,1.8228197564314896,-4.907133638880367
5.861912513933149,-1.4804551558576755,-7.069784356392842
51.27699317848851,0.4142068332041405,-1.8372612407919808
95.12498512040146,0.079936117505848,-0.4936692779106028
49.38380918958407,-0.4704416664648876,-1.8115450339974328
5.968779346539391,1.152809412083311,-8.256445001948459
69.14681333058209,-2.040095120607097,-1.1961719880272947
75.77153684395269,0.0301117291769289,-0.9401119496525904
79.18644105304001,-1.4214327608191653,-0.6990670457269628
3.711900457494509,-0.4419911050720809,-9.028677668092756
12.390282260318571,-0.7375630737205128,-7.457090058921119
6.260219229326373,0.8292883331926141,-7.805845073315979
13.31003200942766,2.927221067037156,-7.214796333196476
72.12792615748884,-1.6914094899895624,-0.9783445359605176
54.80212035538433,1.478104381286535,-1.7146393961530424
11.594284220964855,1.0566951371339188,-6.868766853672126
25.67611046208706,-1.471656492543436,-4.327963877303276
6.729280203183666,-0.2992312312689149,-7.416361591215285
17.821031023377024,1.1558755496284374,-5.358238966542793
17.135258548473836,3.413895516448724,-4.705042543434176
0.7236833685342352,1.5264201549977212,-10.189856521871793
10.954072603007944,1.173578702751295,-8.307815560008141
44.18705746228206,0.3034918211730565,-2.3178567665535894
1.2757201988096982,-2.304197306039409,-11.296391677565612
11.00694631586046,-2.7465726537176374,-7.0473868365028185
30.727340577096065,-1.6823864914223812,-3.93431351415186
22.925902015863755,1.2187190808494586,-4.076320498725019
99.88342349982676,0.372476956629383,-0.2940145357983911
52.35674206462613,1.7231391867085395,-1.7628087274918374
5.891036620203471,-1.7514067798998711,-7.792517793938427
36.03760656598365,0.5787460132583475,-3.5495962971373585
66.8677952460887,-0.3639149588936075,-1.167898062082706
2.272869597319963,0.2933790987767226,-9.791067290591371
0.4714666343870386,0.9778192285848216,-11.506092380357297
6.921281974055371,-1.266749513369025,-6.366811101762569
8.248400784189364,-3.163932701414267,-8.549098908439007
53.38971686787309,4.402831662763648,-1.90732526722632
13.946126050827,-0.4328878918639193,-7.130976099065057
1.3736789035795014,0.709658116816482,-10.196391413358532
64.09808645276111,0.8763857832123729,-1.1441158244096807
25.35678155883344,1.3790863569217142,-3.787627024281532
63.27996658231625,-1.5893898566855609,-1.32802208613925
9.548978426113027,-0.5700488020463911,-7.022582312112254
9.775506225219091,-1.4472459731549216,-8.377301021110364
50.90296696841253,-2.0253882856058043,-1.9255181127577488
15.09904373024734,0.1502302348427966,-6.519272250447132
17.88759516410894,-0.5540718638482169,-5.8119113068857455
3.6744678484990487,-0.9100958176408284,-10.270616749843075
20.11438956045185,0.543158101538143,-6.021974045504532
8.891561638886719,1.220473689401128,-7.973022227221955
80.0444048718045,-1.4919847944774067,-0.6340575022737286
25.32666122538792,1.1099201462753163,-3.625692647012378
3.814577599775673,1.3764415248142137,-10.391808119721643
24.27357982006746,-2.7928805984278577,-4.448879740854633
4.078544874912591,1.6869758852076475,-7.364858329016367
7.788200189335155,-0.0470906582285935,-8.741286257128623
6.117818474382562,0.2139787456357382,-7.312788850552552
28.660368257679604,-2.709843151365741,-3.751558341909552
4.621075373162384,-0.3561180002366938,-10.0592656790469
43.67450162391681,-0.2486211211015295,-2.041956650968777
7.088055149951511,-0.8053313748360915,-9.312454966459812
12.526775574145596,1.771095746415014,-7.773191371172559
76.46983176193751,-0.590671092605366,-0.8266647996975569
14.89347705172032,0.8117311287849492,-5.2422596544530204
10.351099355717254,0.8809948327550894,-6.216074634906067
32.18940791672681,0.3723964501603889,-3.336257158690116
61.51683380595493,1.0212584396508508,-1.3013235491715434
24.415620979198145,0.4757397936344038,-3.799299202457673
99.87456708994736,2.1360585879625664,-0.3453273077268127
22.92471895249676,0.795102949699036,-4.878177203129258
5.586823957366767,1.316137939030552,-7.117101813775768
3.2875025197988528,-0.5912693712978343,-8.007297545052504
14.399843944279423,-2.5391717434637413,-6.852926651968101
3.8228022410440423,-1.0557177077046052,-7.833488304744745
29.688963981469406,-0.5415008943753776,-3.938471010530315
72.51008088478196,-0.2288497912917713,-1.0478622485516926
31.05139638372606,-0.4204764027935643,-3.480589339251009
41.35804965918575,2.03243257952515,-2.70359937561949
28.44958421259909,-2.51045607805402,-3.804160155884065
75.5575723672371,3.686731872942008,-0.6939432393511044
23.065533414717333,-0.5345495855653484,-4.889648906323841
5.74764452973085,0.6450434285796686,-9.799998679129406
211.7741144091503,1.0595491531627734,-0.0069481387679549
49.11205624016808,-0.9709830944770323,-1.6684440657261508
18.481810506606784,-0.4580353072928359,-4.810894040075397
15.436524066128833,-1.8163883482428227,-6.790980045234307
13.059551251917844,1.4650586140444055,-6.257640895817679
39.66572328338776,-0.5601197820075015,-2.60568552765322
14.75240633346153,-0.8720909159461216,-5.868216302406333
38.5454777401719,1.0074194910846117,-2.4414387773026425
7.337118542383997,0.3577152876125192,-9.000602121028079
32.30487618731526,0.9197410707781256,-3.568732422174332
69.18404032678806,-2.432934046933494,-0.959870041939236
30.98474050922005,-0.7602900811474396,-3.152043057071264
4.571170007441684,1.6915608712686074,-7.900850331079652
53.67271214413515,1.375383881459082,-1.854662053079762
29.31277451662992,0.9964832527724412,-3.841868998348091
5.113663632837309,0.3299191599325205,-8.042504204536245
21.86328410856539,0.6880079250541303,-5.199352096809415
14.631377557579434,1.4696399065915693,-6.55044900624384
9.578071153887578,-0.0488707020823078,-6.2664689866470615
15.41873991948441,-1.930430244205024,-6.655580937775484
6.612284374228352,-1.4313930948064386,-9.202823134889082
4.197008958766531,0.8922015188887424,-10.194250223415892
11.40333474146675,1.884797505516663,-7.481480982360441
62.60403367755483,-0.8436129498284635,-1.328283037144966
46.3885778582092,0.1698961274262969,-2.439068504534222
1.625852570113731,0.1015600363599582,-10.808474030725655
11.275465588813129,0.824183428229263,-5.907328782188629
7.18626285255982,-0.5846488671076338,-8.942321247832902
13.52674604493233,1.671063842043352,-7.207070560873267
19.335701322158695,-1.0716338710471696,-5.676622308119185
10.263769671085624,1.5483248097988689,-8.241325123051476
4.946836975442636,1.1473660461810076,-8.19214725878691
22.79817871656091,-0.6483447727782676,-4.774829627687885
19.021887014256254,-0.5958495500777297,-6.329761408851137
35.13197792374935,3.371093974403602,-3.303584335830899
4.757434558649262,-2.3329871929507173,-8.34547121215334
42.27749661208519,0.9673360108978634,-2.325372212198346
5.606444592504457,1.1055841744042938,-6.702547464734213
34.95424746620005,1.4361340716802766,-3.224687991309976
6.020688601507843,-3.156765621852476,-9.471054358486777
105.4949208593635,1.8320154049482864,-0.34284774870356
132.22722335933912,-0.6387831925682453,-0.1406841073536175
2.1413354196260497,0.8383298008470437,-8.914878329580082
4.857432144817463,0.950217076913372,-10.182002539212096
46.9579716495442,-1.8679856322897672,-1.9404053480312464
37.282259452317085,-3.34310545342867,-3.40395409207425
2.601812533729533,-2.146646067111807,-7.39393870350054
66.50535271725442,-1.6183494530266964,-1.0536727692376269
5.5559363883500925,0.581979273962222,-7.578988469134045
22.04606284062908,-0.787907692140122,-5.5935419697998405
20.17734835746425,0.4068941578485926,-4.57066105412601
10.986010119261987,-0.2734834317970429,-6.79200139534758
17.019216527858983,2.417398288800022,-6.259702736260519
18.37952320404796,0.6280663632596651,-4.509241112419292
24.04029226934258,2.828811328439884,-4.710131418513434
39.80017961997336,3.037134610157446,-2.143262331177667
14.373564933203184,1.210685450260487,-5.043772714397648
33.43346339115867,-0.8279642198777766,-3.5393116727116785
12.267703492152068,0.9637991131849792,-7.398689453211498
15.686694982666724,-2.778177080241248,-5.553702040778121
85.89182171490094,-0.3667361760585578,-0.5683865911075998
9.304887709654894,-1.866193721444552,-8.545779901646176
75.3163776781752,1.914115055520408,-0.7533073242515335
21.326584617866253,1.1286841287294676,-4.152728156494631
49.94139728035274,0.2469598031718524,-1.5702897004139449
14.022846416985118,-0.6697163512518893,-5.398901844712707
48.50249589303948,0.5403593609963966,-1.5960035270294386
0.4061536752955283,-2.9454593918317578,-11.076960298848922
61.24347721826594,-0.6468522674630296,-1.3639092447458243
61.51964744081332,-0.5882981325426669,-1.266314749024281
62.00202329214025,0.1596904315096756,-1.0745576732277011
36.5368410202542,-0.6912885707400876,-2.6029343655711146
41.12019996431059,0.5742052538479905,-2.997857676440961
0.1154559377035074,0.3211231434705199,-11.123479379066834
7.961017198481207,0.5803346085083801,-7.118299336514453
22.608163908874147,0.1885566277020991,-4.661564246448889
6.5932178189741455,2.039878820403653,-7.019019268711475
10.192996470189568,-0.1550031200829075,-7.621022099575722
60.0762431810705,0.8890469731974124,-1.0833432118019048
5.802115028803351,0.360207376018045,-7.244997375910263
4.66078931547866,-3.886534122567368,-9.245845129812714
36.40737340106799,-1.050081953187602,-2.467121579591088
6.212498349594407,-2.021325738606241,-7.031785817064128
30.260152462204008,4.198886727137261,-3.7816910953928335
27.605496285339843,-1.2286262652766908,-3.8673543654374383
52.19811500536527,-0.051400251130703,-1.920624988353176
22.68585846897628,-2.216773176336006,-4.228174882928014
42.1089651333025,-3.254934614322209,-2.029165301581713
1.945212256424412,-1.3601573805112577,-9.821454785736345
51.0636257157825,2.0225739840603234,-1.5166715040454315
43.37290003202981,-0.0492555556132031,-2.585827709534691
2.771080857476698,-0.2278062668937095,-9.43913116474318
74.42745708552425,-1.4617002537365509,-0.8963022329935493
2.0444729506712416,1.7338140997236948,-8.453562483226184
54.92595868910143,-2.352670169255391,-1.5902139804481854
20.77611684439601,0.7515883675113038,-5.530197086996183
11.283364894522698,0.9745758000339072,-7.1047932767115896
1.3091375314567235,-0.0055269092407942,-9.009710258611166
18.761561705240148,-3.302280962576739,-6.092098955073449
107.56377454347852,0.8116998942444302,-0.2732053930064659
68.80565986350588,-0.7932217127269543,-1.1102375648534126
16.32098612104293,0.2457933747498938,-4.700055321382516
4.5048801977555,-1.8483288066497885,-9.060724114026288
15.295695427682649,4.1474281101773,-4.838166837981951
47.01652225372727,-0.4863312441663613,-2.1638049563352904
6.096905072971602,-0.7855331505713821,-6.838335347341114
14.892480489538311,0.8005022177514063,-4.922455670353453
14.938856413830504,1.1003397190495017,-5.600029096830331
93.16357579067692,-1.0270169601374768,-0.445629191441911
38.59121252163447,-0.3289149169151479,-2.6885085191107203
88.31178485722562,2.1232592039928484,-0.4339429837655135
97.665740392406,3.337402247300707,-0.31880441698382
11.715041276290334,-1.226460746407977,-6.050267026985998
86.11953828914295,0.1808435285966879,-0.6354354633753467
16.15337798872661,1.2829018802190684,-5.039512755265944
29.86481038279402,0.1047599384683918,-3.967476892533984
16.810847147447358,0.5693968389703787,-5.211876469926728
38.70300083420767,0.5472744247117234,-3.090568041969255
59.874534935014935,-2.7169627624736385,-1.1215350751959294
17.77616139428534,2.909071667282181,-5.345649161046317
7.051018465552645,-0.50388777137047,-9.081370470926409
11.242419885719448,0.9707614545573257,-8.017847242240752
107.83750011468294,0.4375047540759908,-0.2832068425384843
12.06185956913272,-1.8579857582536643,-5.871621944852484
4.079157252932562,-0.925963087769127,-10.373626970431117
7.799155203151776,1.9103565158777256,-7.997062676892543
8.115620296663133,0.736243154206001,-7.53750816047879
0.5876366120629783,-1.5733893974764386,-9.849018542710668
3.013930955801376,0.0025339111938874,-7.529482985700686
20.255709871047177,-2.096912052094738,-5.299512798836936
66.46761903312154,1.1393703800535966,-1.068851628490327
45.07584235919227,-0.3057583012996182,-2.484986234839239
9.697634668375214,1.811399296962472,-5.961192960108958
8.494196779333793,2.278057768932399,-7.935170701266858
11.889856219046925,0.7801364022148691,-5.775515246832626
9.554861604209847,-1.53499349611061,-6.748913539398898
126.56575868508637,-1.471077549238486,-0.1662335373035381
31.14032834827084,-1.1376986470209394,-4.190013865579853
27.30830462424134,1.7742436168332922,-4.403192753206595
6.505268945346599,1.6737449689646162,-9.012929387724292
9.95764107488714,0.3979924597453449,-8.089836513539671
0.3292202938543348,-1.5218879420620386,-8.945245694846585
4.666635965832266,2.1509339003516623,-9.457708749891816
2.459401839077551,0.3446058060557616,-9.083699609656724
72.17397874338414,1.261729600178893,-0.9218716776327658
27.03061738598893,1.6829917377274586,-4.48145111102825
3.420095084167072,-0.1777291850152006,-9.65882854548714
18.117489687956343,1.1922397595879155,-4.7295424174572345
4.12741077207146,0.7424075703418278,-9.996524298717892
24.127398798949255,-0.2101081337995783,-4.239479563881364
11.361864787179975,-0.3493950393309723,-7.200333667255959
31.181587407257418,-1.8634589099865584,-3.3889353922261223
11.862939407329348,0.2047396177120101,-6.149147897282247
25.014851699140163,-0.3409272768523388,-4.462903563181703
64.4340817641989,2.238909969739872,-0.9954997995714712
1.9802809451245325,0.8197370732909564,-7.743207522866142
4.931028270908326,-3.523033717561624,-7.5850110072318
42.15325519064214,-0.5077403116318289,-2.916920560103138
12.38185490119375,-2.13338820798374,-6.59844697420617
23.631080500853884,1.3047290765237034,-4.593791600170768
30.801480564536405,-0.6911489568018805,-4.044362438758444
50.51904987510487,0.5292559804242772,-1.81811612141887
3.6734758941670194,0.9900414765467214,-7.92476779684741
31.048729908564635,-0.6159403159865219,-3.634382008345623
1.6173152209611097,0.5909827598128448,-7.740814467188843
7.41543859720298,-0.8948598269344821,-6.974839418242946
4.968561726739414,1.2139134325523544,-7.873586495987386
42.31307222955436,-1.2848480192528724,-2.606571068192911
0.5833061320301747,0.1702079309516886,-10.472944652992112
35.833027743672226,-1.7380377201563344,-3.089365255442372
1.2287232570029392,-0.8680213159811612,-9.91637523422659
0.2153422367352835,-0.5483315254607396,-10.729999018893473
26.138317562556235,-2.168948488395638,-3.622115569219731
7.177362207759935,2.3651213770539847,-7.986300800991127
74.02402657435005,-0.0440184025149879,-0.8670775370744676
21.454399551328493,-1.218686418481477,-4.225732641853774
6.753837447110623,-1.0558020205361591,-7.43182378500785
9.047014703603686,-0.84714848884978,-6.26983853912514
10.080203021062692,2.0065922679837254,-7.578980154842394
21.51121751801366,0.3673480142629627,-4.697783881619284
6.130832934450697,2.6183837054128465,-8.943414470676563
62.20004364099889,0.7014778028111003,-1.106809736072483
25.3335457334706,-0.048617266400513,-4.59742091238663
65.31881707425603,-2.8371938605647653,-1.277593581616618
13.432629175025168,1.9825073813942944,-6.561493169412096
64.72350108563114,0.704860091653523,-1.0416549069601595
21.467881446752276,-0.3850490261801753,-4.265010862759578
12.190905970677342,0.9742829091856016,-6.659594739741613
38.18276769147138,-0.3113475104413379,-2.678198585940103
42.0554784646245,-1.6304306951922785,-2.8757373719570336
19.62792499215615,-2.192150344260556,-5.545537533033687
83.3341531137258,-1.525090301293536,-0.516716100652817
3.4038502417181324,0.3776720583080931,-7.320555092982111
0.3382570859881879,0.0006424576716088,-8.994931388255695
0.0002843833290607,-2.280116291008361,-11.84472130548471
3.0687126630078523,0.8199115811983615,-8.551191853799189
31.134444969963383,2.42754822678649,-3.362077402046136
9.854233719851562,-0.4482337074660834,-7.64266909483741
10.5920121109069,0.7404457302998109,-6.018822658317919
18.315381753539008,0.1654738334583243,-6.3696861342711495
122.73998784471785,0.6527179122894955,-0.1763108372977413
91.36343170533732,-0.3884222498648606,-0.531462784243938
63.68063601579858,0.845763909959842,-1.0115862531705704
38.70869957422443,-0.3848033639184519,-2.7026445478396037
65.26271993976131,-0.4064353921651981,-0.918727129890365
24.85050094468881,-1.1271081671762562,-3.604716555007377
35.31033857526281,0.3250053311899794,-2.930875119412592
1.1360772360761362,1.4746750855410098,-9.368373788012327
18.8040228900949,0.1112754189641897,-6.192322271772275
32.066655941026404,0.2184679847064367,-4.064952811020574
62.71527519083403,-0.5957005592273765,-1.0892271929193518
9.329930971712306,-2.314168450470926,-7.829043970773496
99.05925279298462,0.8705447713328591,-0.4138009144540781
164.44885746302734,2.123149276988401,-0.0340350186854906
24.84921768110521,1.1952862838590557,-4.722459480241453
47.10129134357593,-1.5016391599796717,-2.2597471881505107
40.70509200560548,-0.1467925438502197,-2.438070197616151
51.56322321474828,0.6285092262806826,-1.8248359318392184
14.017062095856648,1.9693580249974088,-6.369525441463811
11.601269001479462,-1.3966796892354256,-7.171425858073308
15.67690965440656,-1.267222150214615,-7.076872702175469
43.741869524567285,-0.6988588631507082,-1.9989028113874463
33.50248821423023,1.7293585121236053,-3.1527305781073736
97.62453410779712,-1.4411300312925557,-0.3222605668544385
8.758748337192502,2.213384370996616,-7.902527236303411
17.977070877883047,2.596210294368555,-5.57845792472488
34.21470164918831,1.0588119829468925,-3.731480641896124
121.73590928420184,-0.8788326828509174,-0.1483165868077645
12.540551714786089,-1.6661404976826453,-7.508082478242678
25.577837270132257,-1.8356342044675011,-5.076864201684755
47.14661000724033,0.6815653798805525,-2.3459674791935425
63.7892066424896,-1.3442072680692,-1.426793167496225
23.5576593953299,-1.9486987564084368,-4.112633536867898
23.985150079312056,-0.240816415406841,-5.290842525197236
40.37891222909005,-1.0638776989657406,-2.5916220554810554
11.812943187146464,-2.417141960156317,-7.652936887280163
14.019678832816108,1.6839617046939794,-7.06732438037489
7.418147495735588,-0.70462005976734,-7.344272040179332
15.727380662963832,0.0069994618231872,-6.252647808746627
18.13508902938229,-0.711562888467743,-6.194140554749419
67.6808804133488,0.0195731828154184,-1.1706907405316758
21.06630900356512,0.0479607245606779,-4.177567845396154
4.677010530634237,3.301407188595947,-7.672849056056711
15.63233346092992,1.6098046413271372,-6.711396480573399
23.424413664618047,2.2617069474044817,-3.707330336329925
0.9477370101204824,1.5702536171394226,-8.22046202785187
6.163313006919674,0.0940997479925188,-7.339757657855168
90.48579959790769,-0.5693709240787022,-0.4745732187543626
13.272321086892166,-1.902803410205605,-5.9114223024569625
14.718305827752996,1.328387338170018,-5.40851388079838
16.785977462219893,-1.4468344779171658,-5.97719029273402
1.2833072225471966,-0.9142509837560648,-9.548036686421442
0.9607626407963532,-0.1595978944218209,-10.46205158204382
59.23620640328162,0.3412092664159798,-1.323700518396457
23.231843113465786,1.8703970085189985,-4.831525947630959
12.97221571384986,1.3234551799284595,-7.713003895529432
20.21848700116057,0.4150841892118375,-5.071325587414506
70.8940801389297,0.0719819728155834,-0.9317851167225646
23.540441879528224,2.0880240435500816,-4.956148935473483
76.65120537056357,1.1990811941478965,-0.7628095492757474
41.475312471179,0.2335591143232127,-2.0420545719534813
11.123806235323572,4.307408622646541,-7.667042906411148
57.85670833341187,0.3217368960529016,-1.1688476772109493
4.122194905508207,1.5084646040655167,-9.980756897697916
45.537899380542505,1.4947399487230726,-2.1934679160756136
18.662771844921014,-0.6408394891058322,-5.7914957992555705
14.739421980592663,1.946284929833975,-5.013794446192794
26.43212847730324,-0.9919825096046896,-4.47190473826354
20.265053486039065,1.021688617150594,-4.402494771860352
10.286823991190062,-0.7203421370113007,-6.61854704759508
3.485046962739169,1.6099729930205198,-7.831740804365498
19.98040660537721,2.3624899686616527,-4.12171852931903
44.84849095321798,1.138114447500702,-2.4870086378871994
1.3459884678162892,-3.052312169764725,-8.34765407523313
12.46866396963932,-1.184189240556716,-5.883226158577197
17.645588699628078,-2.646288021849541,-5.999335427572292
72.79523677835047,0.6597568485540792,-0.968384994570502
87.93905416315123,0.4891498249679737,-0.5466653555436698
17.29279697305251,-1.5552647169501257,-4.54138218858251
22.34428284809879,1.7271005459663336,-5.1163549264244415
30.22193262277812,1.3340875909784842,-3.328728653926724
24.44463852925328,1.0527719221151723,-4.289508242824144
2.021888908099601,-0.2931088886329951,-8.815929717328798
15.39119084260813,3.643631198988206,-6.990763488764027
71.13113480507513,0.5405135576980735,-0.8075810073909634
25.34846234683681,-0.5369054817455522,-4.578699183326202
17.723248102462644,1.4497962157867963,-5.013898440266282
2.074679285038066,-0.0317015276927255,-10.414294385790244
6.155800677054855,-1.642839328664734,-7.272573994379713
4.783493951687734,0.996033511705406,-7.275224783849011
36.266937594281146,0.5263417419072791,-3.329267041271807
3.5889419631298054,0.0370796127382526,-9.461291276248527
26.425742226713226,3.0864327774787923,-3.5426257097561367
76.04749347233361,0.1719475956803211,-0.9070155370210198
48.467496379180574,0.6398617174256298,-1.970838796143308
3.129066073124098,1.5773785370932174,-8.605389517260582
30.10423705945797,-2.6163740109785287,-3.1470887193743
4.07306536308641,-0.6964087192556834,-8.764904608390738
59.23849755256107,1.63853863483769,-1.6587567969384205
25.052205146356567,0.7459600762689986,-3.8994949002840222
42.00130312138717,0.7599040718977079,-2.194955026808816
9.133392474528256,-1.2012349956114516,-6.076295307552739
16.96220502420464,1.7965449593115608,-4.607901412656794
33.41080142703548,-1.897089053016583,-3.849216315188423
14.86708910109585,-2.36370857381792,-6.698070570744684
4.085808584991844,-1.867893240587476,-9.127802557943951
46.88630605439062,1.654806540559559,-2.309407650775341
5.133798173579685,-1.3911141830085731,-8.760792541737109
10.174637417152828,0.2310071127629404,-5.787067718476501
2.0590944247733374,-1.5804640770851894,-7.786187045114469
66.67178568114778,1.3106546408126547,-1.0269460359178646
14.990010549104978,1.702101837940039,-5.981187746207004
49.32264858768002,1.1066195811206552,-1.959157394218104
11.884211074974948,-0.6347965705381811,-6.212707584141972
88.98284085872464,-1.4779326995041968,-0.5915053595511959
34.98602587751739,-0.106416237008094,-3.3588017902905856
77.09590202802217,-1.741623080122137,-0.7881139841957917
19.00834021342478,-1.354534782519841,-4.438513647541714
20.18125658236532,-0.992679079925165,-5.371401509729685
8.694247487716721,1.5130728716805866,-6.79018238568931
9.492785667891644,-0.4362647570319017,-6.742534401078785
70.87349913627922,1.7470464876413672,-1.09531377328211
25.04235401721075,-0.7443858458644887,-4.905307639626342
21.87391211788474,1.0449494296813857,-4.652613902197132
9.192092627103904,-1.953518237125189,-8.150911515576148
66.36873212443096,1.013242740476261,-0.9365723786794338
44.07841571301282,-0.6381479517245755,-2.1734272881263075
23.477450282358934,2.1957318010467035,-4.245128972655301
47.98917838446948,-0.8063034262728849,-2.201136967229768
62.659474981278464,-0.4548785112490054,-1.3072058362369028
6.910099237001161,0.7017574410613652,-6.935779520617618
31.27921081149204,-2.7370893552028424,-3.520933896146184
8.456321118418625,-1.1861957343019809,-7.74942093141368
23.127334584516824,0.1170685063332259,-3.971513418814916
27.940894340847677,-0.0622856582119804,-4.43365126957172
123.80770541729729,3.909079934543903,-0.1292702934439397
6.281956764120421,3.1487158060633784,-7.963949376405453
140.83235047685895,-1.3832437442919363,-0.0945203719681855
9.73418540697338,-0.9113371905176256,-5.930719867779608
16.74314098915389,-0.41116498627201,-6.825612969861638
27.136184553990624,-1.46738907213937,-3.431196489620947
5.993972289832439,0.2194982049799085,-7.734744049061717
48.47874187688737,2.7385994428718847,-1.810044497277273
23.85477922620155,0.9762902880136308,-4.096840595464013
45.9563445907549,2.041152784791711,-1.906168243498454
66.57808925986245,-1.0279675568696969,-1.1158250201116275
0.2971497328126949,-1.0979470910045477,-9.01891902268119
16.85318213536012,1.7890138746442965,-5.087274205787618
28.89454499244169,-1.0671630220322574,-3.89721227558594
55.12178992227145,-0.5072320634432453,-1.3704798540820755
24.20360615603717,-0.4302482278166901,-5.008639019531089
52.30954983504535,0.9655184800392942,-1.541146876479104
28.736565294936355,0.6292630254385249,-4.206088931090775
115.43273424804028,-0.1850781388547521,-0.1936306237205881
19.980968664654025,2.390172391841062,-4.564037640755185
18.45818631322854,1.6394125472850682,-4.682061925622026
5.718225679234026,0.132467770327493,-7.4009900246491505
11.066513765232244,0.7026105361189453,-7.13533699955512
27.4674545774433,-0.7868812499185525,-3.3629697886954864
2.566643083520366,0.6789017276450026,-9.960055707533568
17.530266142839867,-0.1005310985038784,-5.831279773283671
14.3489444538369,-1.4743324014843138,-6.3006830762863535
9.51222668938752,1.2851992129445469,-8.126367046226724
22.26605033919763,-1.1797218874336304,-4.421840560884534
20.736400608894087,-2.1399672030425108,-5.223198874464874
14.002398707816884,-1.901931060581914,-6.78068978765692
27.56032342935107,-0.4607848635938175,-4.450277689158944
6.962914610575699,-1.3863323493285362,-7.3394679499356466
15.58097386348847,0.0096415369812583,-5.308618489328945
27.52141246290869,1.2431483526970832,-3.947237255327321
0.7372649239934006,1.0305701110867025,-10.52837798136419
18.0578593675148,-0.4439276268576665,-6.1350674647071
14.773361327159105,-0.8271541517820369,-6.089196570668058
38.64003964028266,1.2140962603081782,-3.2096665600063834
2.811553289456586,-0.0334387206307226,-8.619508178684383
175.28183219067586,1.0800912508153375,-0.028760066522092
5.537222391374533,1.3086034607551629,-8.644190884136437
49.84438989002136,-1.716985471657669,-2.1612677164234237
116.12858595490478,-1.672491521631077,-0.1742075986195735
74.2546014526024,1.9073889155268755,-0.7042947121665764
35.65408754949193,0.5796591377855992,-3.5733838455944604
18.1047248665362,0.1886047265963361,-5.016493461234134
58.66372048207021,-0.59487976863799,-1.2616619303546537
11.201484397540762,3.2848672560491474,-6.940487411524933
7.911765489428951,0.4106991373492707,-8.156956190254064
46.010849808594735,0.2689337268883695,-2.549009897874319
85.16636016313363,0.8481126673703037,-0.6883284102403517
67.59157168044011,1.689207543637152,-0.9399206625988044
49.46544116298626,0.7969117542578783,-1.589992731284707
3.2112011993148872,2.230422039638765,-10.125223290721117
5.907122465969048,1.1883434645375737,-9.069640311927945
38.534722460760094,1.1755296690625536,-2.383416885902601
80.71372300522225,0.0054379646543105,-0.7749563549489862
43.61788286477699,0.1987530673134021,-2.348883340170192
0.6280676372619384,-0.5130045449049487,-8.362869257607361
1.48656433012886,-0.0145401685466849,-8.206732479874272
4.2569656496028,1.8360008778374253,-8.933461746156821
9.825014307537131,-2.172014981520126,-6.474366440954088
5.77643017054012,0.8736149533562126,-8.71091785808806
42.13541364759725,0.7215731087456666,-2.0297541317680583
14.21673999869858,1.6671068860602063,-6.969945306456004
33.95192848583863,0.0060061523811554,-3.089328357434638
23.391818293887397,-1.506753612744546,-5.432868236370696
86.09167773347785,1.0393059395009066,-0.534010579905762
27.90538918734213,-0.4928681081950881,-4.341885251161439
22.23676416539083,-2.4461399338635608,-4.58931973854338
20.984167141364264,-2.711578665844601,-4.385956678499772
27.47359207531998,0.0046563340828674,-3.7899129066632593
10.633558712547584,-1.2258532956630006,-6.667449010462407
14.034105506336717,-0.9434368246775416,-5.799107614782487
6.645702717417036,1.5960610226117415,-8.456741667599546
4.775857314671683,0.161417128369689,-9.774102525024077
46.89442640702533,-0.0105662356378877,-1.9288288811870096
8.410938488662795,-2.170751839362468,-6.093560753553373
7.727061387961404,-1.6069409036730995,-7.625246022520377
18.77613686547304,0.6476360395635217,-6.165940419209179
18.66944115770409,-0.4204508592099721,-6.32818514783264
68.20211130881206,0.2458096910366733,-1.203717259009124
10.504520475418037,1.5853383699998551,-6.7260991631140055
31.7902885092728,0.5496842895179206,-3.3733296172068217
27.356747630963717,-1.1001374728196645,-3.980846814078856
81.53264476088086,1.4224478043416722,-0.7575799247157217
19.58657054821367,-0.5905312995219788,-6.084058284637585
5.443692187087473,0.7866946761209213,-9.982297660836362
4.732580753401445,-0.287695910931402,-6.916812664300732
7.403644240295256,-1.1536972661825735,-7.878976240703706
0.7330796676973713,-2.205523572529957,-9.603599691368292
29.16779599441953,1.531261528890994,-3.4568875951867546
1.567750161960001,-0.7651256356257308,-9.256974109745885
20.0546218548552,-0.0820264247393161,-5.665275299482286
1.1047722591353932,0.4436274690737183,-9.894247220308442
2.089802211190953,-2.3818039727322224,-11.073625827121656
81.06841830321389,-1.58768806283937,-0.6543944399231645
38.46273560744602,1.5303770437013395,-2.516092834258646
4.601922368958407,0.5710694529457858,-8.179494578422517
15.046037888673752,-0.3377546450974479,-4.946283182390571
10.825235064785051,0.944846545542511,-7.164116080154972
16.21736952688746,-0.2838005180299038,-6.583391930830148
4.9337343554552655,-1.101374349445695,-9.895437583091049
0.0170142738262083,-0.3354663159500957,-8.260227003015517
58.7359769907114,-0.1675365276902713,-1.1665911450612982
18.95064901111582,1.713977458458165,-6.340331465466552
77.63681318244953,-0.6119146453263745,-0.7396352476656682
68.89967436560823,0.0250733538603484,-1.0529440704080264
116.55870646039112,2.2123269653478803,-0.185540986407717
24.53197856196011,-3.021236672627234,-5.101482128679505
50.52168030991516,-1.0759572777481128,-1.876026690369203
33.056195498948696,1.9398045109586028,-3.76817054326099
26.73181976765768,-1.1166447454380029,-4.55885516970314
8.442911235527115,-2.477302320773206,-8.497755246778407
17.068124748005683,-0.4943634937609247,-5.209653418430185
108.09332460721107,3.522990022741165,-0.3259197575067355
1.5794549058220968,-2.2626601631184884,-8.567422191389468
52.12990123867177,-1.4699178679839373,-1.7980247874211532
55.83100891153197,0.7272085432910325,-1.5329405652390184
4.990786128837678,3.6803982209469783,-7.107879526013701
23.44029371134029,-1.6105819273211404,-4.430116929552435
12.068695656792924,1.873965787390945,-5.56732751036377
5.318067399658245,-3.420575289569069,-6.922624659874365
11.304449357049776,0.4065153024494402,-7.928753939433829
17.16100693889801,0.3448873071383319,-5.583206198497698
0.9321998295559024,-0.7961524755791385,-11.39086729418531
3.7745984874192775,0.277016815236872,-8.789028152829472
95.29911447318544,3.071000006301666,-0.4320154655360581
15.591838824936737,0.7209522147673721,-6.209845597214303
5.405913817588576,-0.9995505479934468,-7.2126130915681665
11.886669083210135,-0.4462940597835705,-5.603809258490528
47.71764541984393,0.4360503726985708,-1.6373667453223113
23.32003337184695,-0.6594932801236931,-5.460509725356615
49.52319064973898,0.0304843374101947,-2.032597553234841
144.24530167070654,0.9378587727499448,-0.0696601845328563
123.49966351298556,0.0123003943998873,-0.1543031344180678
34.71856479645558,0.6541076424590662,-3.2339089517278032
1.238095086783506,-1.2494575432480564,-11.103684344358346
12.020674182833876,1.924485583909714,-8.006640744500572
28.585789640963664,0.4805135216629456,-4.352187000238898
6.40501148702161,0.7200661147304265,-9.671959678927111
3.4131561348653494,1.308517377194724,-9.257932379820518
28.66928023719038,-2.7943095857205145,-3.5140693657009408
2.014418263999472,-0.4621689352887026,-9.747666531654998
9.03243206249436,-1.4441914341754931,-6.204664821240821
27.9789751120498,-1.8251930594347208,-4.232712943403642
0.9767413361615868,1.32815683046658,-10.434323091034637
49.86472296353614,-1.776914740926748,-1.7900965585946214
21.33175172302652,-0.6354172526816155,-4.716940780144339
49.34664716272843,2.2582724216222,-1.7258217530035636
125.1990476289586,-0.4858054547220078,-0.1380378626532807
4.83045774234901,1.2423479883616784,-7.338771675145325
2.4836207195203706,-0.6396515104767475,-7.7608526685319745
17.87626910684967,-0.3929918719707471,-4.737802454918447
2.2883640633099387,0.2920612404516225,-9.559372534405329
38.043659910212746,-2.26983075888325,-2.740818559810434
3.92440137929936,-2.2100129785140696,-8.956732291056598
26.577996432097684,-2.8238050333271336,-4.844762896116709
7.063008404474336,-0.3880161134696221,-6.816605630217341
6.376815138791281,0.0658914854936698,-6.681717183499118
0.9564719197641643,0.6898604411571401,-8.471796910091534
20.651770747889117,-0.9120157476915958,-5.341998862738385
15.199512339518789,-0.336775519728278,-5.14038526818992
11.876205929281644,-1.2828929800160882,-7.987438197864621
16.463530800979502,-1.3202352145443377,-5.93033015482209
36.10471232293639,3.0620476604627944,-2.4100887750104927
45.86432467176496,1.491547802545038,-2.156568202649073
133.6220311770665,-0.4405639779331917,-0.0999427193184559
64.68167673614407,0.1278863986871857,-1.3694851750452754
71.35383604455568,2.0374718931501894,-1.0087917998148563
16.23185465297344,0.2770200450811062,-6.313466033412176
48.31444750231486,-2.101461169496717,-1.8964388226126072
0.0822318033866227,-2.7811776811361613,-9.976922714555627
7.112017196630873,0.301768568557766,-7.360850311269127
32.246782722437274,-0.150198065996427,-3.455490326228739
66.10565095571285,-1.7724722599194016,-1.322150685152383
28.43837942254444,-1.2205118548356233,-4.5726435483308006
48.32508362014814,-1.0387672043368854,-1.9612178914125693
38.09346612342452,-1.78496378075515,-3.096307741765746
1.3660443415132764,-0.544503825764479,-8.915090412921407
15.693844667894089,-1.8548865099478868,-5.866226958979561
63.16971556912245,-1.903122715445372,-1.4266296440842658
73.63896166886444,-0.8429544233669746,-0.7954474826054687
26.813405077948723,-0.6863649036974864,-4.008049681075772
10.712358218846942,-0.2433259764250704,-6.240004821037633
70.42133322328513,-0.344166886378527,-0.8621603212886166
9.25148235862893,-0.4235410675506016,-8.67458453131276
17.894225120025947,-0.0828453326462395,-5.280547987085962
16.864133797120044,2.61051050903412,-5.183789284197376
50.52883291437908,-0.6941406122674182,-1.8903043242790365
16.174441206072007,-3.7039405298729866,-6.5198145984454845
30.65117527467544,-0.040771401201034,-3.3207526366340967
27.507100640048407,4.268221855128768,-3.5392943693890926
32.47820460010739,1.4223681874197314,-3.099286852625863
3.6945913539623865,0.4298559924540151,-9.056143265826137
11.95114213652148,4.497154421686785,-6.835150307186884
6.703948510684142,-0.2424638113660948,-8.467175758776596
87.88629255672645,-0.5611135313245939,-0.4317928829721641
4.173637399228385,-0.0042958421352139,-9.249253337797484
33.42495638251132,-1.159301802670982,-3.1710627061614227
70.91931083991352,0.2553105515824269,-0.7890806242445927
80.53358646525021,0.8604577626509609,-0.6305702246444533
23.447520807850527,-0.5392182849550375,-5.460701995690416
61.959333809338176,-0.1702739944275855,-1.446815482007524
0.1000130864970181,0.1709004752811491,-11.140504234865425
86.66769106618986,2.599450112573922,-0.6598761016681086
3.6098513026338352,-0.727824231604191,-9.80966518171538
45.360833438388994,0.2299713631873623,-2.174022109350623
3.906592546283568,-0.5969350946447047,-7.315625007607879
46.676918284714,-1.0541953577967995,-1.986134438459893
14.72484151832319,1.3444465444248468,-6.672872437270761
72.54659082664996,3.352538615580371,-0.933680943909139
104.62434764108116,0.4826845468555808,-0.2644732776152967
12.561124205829922,-4.643720493978788,-6.637111399707382
35.090020974629994,1.584258597596312,-3.4242557297755845
12.98736699524365,4.32950825234022,-6.071528035133646
14.793412729165183,0.0297676150237366,-6.137557959002916
50.10900494563983,-0.7007985648655526,-1.6653811343188345
6.326953140797882,-1.6789051750147297,-8.901080020689175
2.0773052810429986,-1.9654761332520767,-11.17114945517906
7.714632564612366,-1.827679137784501,-7.715090442193524
44.19991613992813,-2.76438800811614,-2.18828169808444
30.86089537054985,0.1380533843564903,-3.507391808227185
0.1118605060143159,0.4169638696935478,-9.38662077420084
131.85310048543633,1.98538757462293,-0.1192076034286367
54.51584777107722,-0.8751959441327573,-1.930002349129145
59.41653623064039,2.482531940138063,-1.4321749099501264
24.72586379393732,1.4729118901762104,-3.7130728553314567
4.377500742688822,-4.997030589639378,-9.42322765802639
12.49744999371432,0.1776134767583158,-6.922474053252673
0.990578472532639,0.6684522564103658,-8.947849215683018
51.80690221053919,-1.126625194928368,-1.6314275499785205
58.69695326767481,1.192726554805616,-1.6758077295439435
4.417418738911717,0.4286716834703752,-7.796314731704737
14.320814459601692,0.7824084928347455,-5.985874994721359
2.319303988565992,1.1212740623998063,-9.370662756694124
2.342467903562557,-0.4542378168599856,-7.483205830064671
119.30302964314556,1.1821798216622197,-0.1745455557734096
37.32304989536917,2.3692038635014927,-3.000627305942427
57.22923248569705,-2.538726490922416,-1.4026836184768037
2.9998237316188896,-0.1204572954852722,-10.454221370165238
6.049497019827509,1.3465265929056796,-7.233202544399437
48.33892739590325,0.1398237979089345,-2.26895033508355
23.96912663306479,1.198744453185917,-4.572233085701005
58.82365029721404,0.71418775632338,-1.4510281394273985
35.18219205217057,-1.7528827786159726,-2.844104918806201
24.113430332267555,-0.9379461581631948,-4.928087478279459
1.2477133815701913,3.0457050572188216,-11.19972936814417
16.350669529321287,-0.6495247303812827,-4.759359149452319
2.136746383242323,-0.994209472008712,-10.984993638172648
26.62412084878495,1.3373119978502417,-4.066274565731844
13.441544081179734,1.062158957590256,-6.495957527773241
9.207261773560209,-1.6199881570942556,-8.222696809142432
2.5670267958939483,-1.0403089059877024,-7.962213645697697
31.365151420792767,-2.7325864490050136,-3.699109347386627
0.5096696898923374,-1.265265390551659,-8.724190173689795
36.94664100473453,1.8278160633774303,-3.3430979544423254
21.3811836318676,3.2938127405156754,-5.8634813212447625
0.1590153889594302,-1.1861470313267044,-11.119548262661391
44.91842846436373,-0.1724279831616439,-1.957749475349793
23.793253664648876,0.9616843345977651,-4.82637666349543
6.413318814629039,0.3763727260045159,-8.165018301101783
12.66008728767307,-1.6550234269359017,-7.6346793340722146
10.176114587119685,1.132055462847323,-6.408273273556497
58.16743594748775,1.1099183817094571,-1.5239596147965482
20.65537233983748,1.1050308465838308,-5.983298734114913
15.603305940734597,0.4138877530927735,-5.060455520255615
6.11338988387681,1.0681376788395307,-8.615857366806038
3.8342250945216194,-0.3806956477749044,-7.181711585358561
188.69577232527035,-0.7031593148207791,-0.0203672450276117
39.41948833388965,-0.3225209146354262,-2.384473802901561
96.11947801874967,-0.7334894382904243,-0.4181128633823121
31.653913955837435,-0.5771783625001591,-2.804337928081304
3.39350398210303,-2.764036108549858,-7.881432097643746
4.677997522791218,-0.4229980763790724,-9.818372076690352
11.79623860936639,-2.598196123602152,-6.508966020225853
32.32198682234587,-0.6884698053857984,-2.998331528560468
30.239976849408663,-1.4706095471880003,-3.221445706685137
13.070532941585183,2.0285621069896944,-6.888144018058951
20.195238979548485,-2.1615304270582074,-6.017274111291187
17.258301479477417,-0.0212059124360263,-4.85728612188017
45.61440247168761,1.5984871906156313,-2.477856921904734
41.38841962015067,-1.0010516618883585,-2.124562053167501
10.157050291999138,-0.1539248933977207,-6.510470968781194
5.846162402818703,0.20283974192011,-9.093925042007928
2.025730190247061,-1.6862237649378404,-9.17666814549064
10.837520039090531,0.1614285816076196,-7.982165986861321
54.87785351572605,0.9916084589752526,-1.9029519504993733
9.426510655533589,-1.5983845370074508,-6.232857805907571
45.56157679182739,0.1983498522828507,-2.3171303631856257
14.563589928924738,1.893367554632488,-6.503466649058231
4.6888151385559045,-0.1610698692384485,-7.758243459181822
13.900808141448003,-0.0206836418124822,-7.202697524592009
21.79991065272953,0.6840111620676406,-4.46813997490673
15.511083014333904,3.474209712186161,-5.025776375173831
68.71248380131262,1.4510424309093226,-0.9118687638234916
8.403093743581005,3.350101690696253,-8.632730173155144
25.62862386667183,-0.9124363666094432,-4.978390861733471
76.46511359383017,-2.8743945545317344,-0.6264341749426273
95.54982800471488,-2.9668662371679786,-0.385213265315607
35.10045621240113,-1.8330458240844587,-2.4847109313343863
6.448533688873367,-0.6453037172380416,-6.802594060041384
10.973116436284846,0.1013849290178419,-7.781758277355162
26.470621237813585,-1.1363547668151133,-4.351348005098648
33.24499893115067,1.8771338672801323,-3.1126349706857104
14.337276574993206,-0.4737528059237081,-6.509879657087237
66.28843939321004,-1.3402818193221218,-1.0346039561317488
42.6796058053468,2.6421346355577087,-2.442060763444056
20.38623780012118,-1.7492474602431265,-5.453151270245667
3.267418501492283,0.812109123445212,-10.388351116294984
7.891808067408718,0.679248694241551,-7.41748137206866
165.3160289851609,-0.7554802246809142,-0.0335259950973566
34.27323447789335,1.6000056664484907,-2.7255156005408314
40.18512584425777,-0.2438689134616551,-2.324739852531493
3.056204226345461,-0.1361263939258522,-8.703192995446942
142.38675024145527,3.353701066243526,-0.0918123244607031
66.16417756456646,0.5202212527559043,-1.2886901016484624
28.385031798527844,-0.4135509323280371,-3.2510199978946543
8.64313196542108,-2.025530315112488,-8.811093200252596
8.28090655401509,-1.4392805212389097,-7.515094005717873
9.733763681418589,1.25705766448543,-7.890408443874592
78.2033687786996,2.1890584247372287,-0.7346340108865087
145.82881131803836,0.8883861792003623,-0.06504446750286
21.017268359267437,-3.006843921856712,-4.42566033103171
25.71765386342949,2.31600673549535,-4.980992024687522
41.99079836650128,0.0013520451074613,-2.522263829198831
5.384364808904173,-0.2937060860670235,-8.596750950643738
33.01529615924046,-4.204676608652921,-2.917850712529817
51.83212418653003,0.0451633089844841,-1.5489892588784837
52.68206374237393,0.4540045705228105,-1.5183310687886655
10.486722922069466,1.5189038461015671,-7.384582655959504
0.95992202169121,0.6154989149367818,-10.559630865021369
38.62736064778603,-1.687001871196615,-3.0475626676529206
54.0082196784082,1.874179677867014,-1.6074697488670782
34.93459539677516,0.4428511441378943,-2.96863980617114
5.639632811860936,-0.7638636516738153,-6.745435521420559
5.7746385116354295,0.863416229323692,-6.8791316988083375
5.14267079026145,-1.3071161777277591,-6.986443247340568
16.087012789325637,-2.1330514182379625,-5.068424842270118
37.521138979491575,0.9291312031918948,-3.107787213907057
64.58066747103628,-3.1648951129376783,-1.2043173420148665
98.01922807997128,-0.6215982939951616,-0.3941405390381337
12.016534112233057,-2.696364133562296,-6.952131017647624
32.40990897122418,0.8192253908172102,-3.008620614636625
17.883803364216604,1.3420061610170844,-5.3883741774616825
11.382089891347343,2.5206136104433456,-7.133598356134179
78.19722757277606,0.8518735882945616,-0.6482235976337771
10.509465611550224,-2.720201803791193,-7.812689140585907
18.757276787652543,1.6645648698342437,-5.986200111164203
4.06699624995732,1.0714609097133452,-7.173658353310934
40.068445487050056,-2.893848786556513,-2.693151585918476
15.056325905558984,-0.6190901631119027,-6.41633048801953
37.39064868474863,0.2011241740754829,-2.507206379475176
62.57564201637325,-0.4514446033111522,-1.3905250860038196
8.252173697501762,2.815817234057356,-7.727844892433869
2.3120343606848954,0.9297675214653708,-9.402710397967986
2.618018450406687,-0.6565368942380887,-8.288725977360667
23.882481166207825,-0.1043060860744365,-5.102957826815636
1.350503483931312,-2.856377189027543,-8.182101456438138
46.82345188021704,0.170550210817554,-2.266667725622712
2.808989645379487,0.9707372997470238,-8.82250247766031
30.14173247756905,1.2983670484212269,-3.046560534394526
42.83094504453352,-2.2004324531791943,-2.8713707267862727
12.360261058061978,0.5517423428470114,-5.386255296193399
0.3478979019609431,2.1854434701131016,-8.0034755217263
49.75844806864177,0.3789000300312456,-1.5463330294815365
11.680221637930222,0.1293650197045275,-7.007662933019812
2.5874171886229136,-2.7219076587053634,-8.037686946534478
91.784871809395,2.140130011833763,-0.4764375043292057
13.934462853279104,1.5194397250177487,-7.007248606711116
41.40599839047465,-1.8902899912182776,-3.0066710829036354
11.25581928121332,-1.4638024709444113,-7.344813844739544
47.49696388349697,-1.2407046346597816,-1.8823993397916476
5.204700372665314,-0.0313456056806525,-8.561193111723542
4.803077170273927,-0.9196174851897858,-7.795238269270237
22.158282771329016,-1.6275177029748154,-5.289931589659717
4.895948280819537,0.5579583847916987,-8.907573490503559
1.301628267571083,-1.1060790778284466,-9.113657640155386
1.23663609745381,-0.3172659304647774,-9.976989033913156
0.0839851317194099,0.1380277258538402,-9.019854685770213
8.455487046231859,-0.7731940514508512,-7.125840750901996
21.763337427877644,1.1323229155045444,-4.899254272542663
15.58506205932646,-1.0150099329156363,-5.11369362108386
9.417056012389466,-0.4241828995787954,-6.5105708033447645
11.642333317626438,-0.7575061062036936,-7.656178449993397
46.133045888183865,-1.215877584088423,-2.041450649174859
1.2832530706574992,-0.4674715612428405,-7.868278401494287
6.99265446640273,-2.048268754086186,-7.636266071829603
58.14359702795674,-1.943341621922121,-1.604751831102584
0.5142127267931167,-0.7449850144047361,-10.319192664609735
30.338239358459504,3.160258399289817,-3.178879068779074
2.000689578449624,-1.2835737552959383,-8.486015888368401
1.4437894908622344,1.0745908588282966,-10.806783926718865
3.980733704384268,1.0401793316021632,-8.952796643297065
22.60536906330504,2.101515041888215,-4.252701791693649
58.335942156537406,0.0656691169955537,-1.245971018601114
88.95331004112278,-3.4675270644378884,-0.5187778887061819
14.248696441572111,0.033831591451198,-6.8754938181951815
22.5437174169792,1.0893806189980015,-4.06560800857615
2.033290461918319,0.4646541945784368,-10.079727712354748
28.95455839777877,-0.2570245906959456,-3.918076547277112
33.2140208723936,0.8815593928131368,-3.609842114790657
15.709282999919884,0.6076568443794208,-5.733558503055943
37.86831011844625,0.9390583942295438,-2.680950494535025
38.75446819419788,-1.0241801549979752,-2.538432144053429
45.19220675190513,-0.1841974658844802,-1.8465097970511468
62.01215704267928,0.5447312770442747,-1.5096631651186456
14.823030492796256,-1.120172916140811,-5.74653185992745
41.62400749647264,0.1447250707359248,-2.039925865842181
15.489177581766734,-3.005472818346645,-5.32055150059179
33.78729754737923,-1.2177953690915428,-2.975093213893043
95.98574791155724,1.9207861347070831,-0.4749312668839754
0.7061694285799298,1.258455805452018,-9.42038968929539
9.8462751355679,0.740058955254019,-6.598875898703635
25.720101121472315,0.7038408570816405,-4.952407066273592
44.35714474090192,-1.634308417256861,-2.490068398261726
13.783630184576449,-1.6598861236016955,-5.503893556752359
121.02561892814975,-0.6104730335303639,-0.1650743786856263
107.78103678591118,-2.7664614085125705,-0.2269652401716053
34.967313509336215,0.6059295597899219,-2.540754092705055
34.83002942256309,2.7473933423473005,-2.8045441951773697
74.48219658024519,1.0386156542004028,-0.7379095364960797
43.45102093111109,-1.727387398099928,-2.1218347517233056
11.35332593516569,2.225101794876062,-7.421526108421991
15.06192359177488,0.1455964861518594,-5.089619528320168
2.980521285878443,0.8154265687818917,-9.415896689758966
22.409822351389305,-0.4741868306713676,-4.821988857731939
27.97690979328023,-2.596559219347357,-3.4610087201909403
26.991689869383805,-0.6780998806678157,-3.6061044016403256
15.575539269684178,-0.7300926794289825,-5.528839036100472
7.674558594184536,2.178106592177419,-8.434601342267479
93.850899193636,-1.9848590241603008,-0.511132815577113
28.39284771259217,-2.5270672624708173,-3.613350699044547
14.796481082080204,-0.0776115118286646,-6.013072360038722
20.835453938834867,-1.587992534541423,-5.7202014391304745
66.71984343356347,1.0474421595173775,-0.8700266340864214
6.130714233281077,2.204288280280119,-6.617227839161879
3.386522050694232,-4.657822610136442,-9.928102566017522
3.5640001916088395,1.4040005492883978,-10.387036575275358
8.406731952300303,1.4562497140356818,-7.185259376413259
19.17528590300183,-0.3428646892454904,-4.820573220908503
115.89947472980796,-1.1229947015184174,-0.1780401045047917
38.7052775933658,-0.1015066615285685,-2.885495206959233
7.212573747111073,0.0595918888275458,-7.447517603939116
47.11842254521216,0.345358547821028,-1.9221785391405437
2.206576774909223,0.3864452994692451,-7.890454785319987
22.393996966249617,0.1689285056027764,-4.814770672771013
7.679459628497649,-1.2217453315299536,-7.422613504763729
19.4651188376208,1.0476992304364332,-5.762817543693145
15.690945580992375,-1.696139007534048,-5.146242238978902
38.50715715769385,1.9124658073201848,-2.776945235066792
2.290287233589166,-0.7350442193767411,-9.084472701490949
12.247676989307749,-0.5747466509514245,-7.80160460873305
35.66435759685037,0.3241593485617675,-3.48111140645068
10.442007972498892,-1.5223679412632425,-7.758505573917985
53.08522013936295,-0.1892131923802989,-1.7931118707657632
45.15482934481005,-0.9125864472298342,-2.127024214022238
17.14760528568883,1.489377719553843,-6.302909888968986
1.4240208770408522,-0.2587006598426086,-8.120397231486283
45.46569246171756,-0.7003758468586126,-1.773336421924645
1.2921895734568554,1.601907795098083,-9.6560250927228
6.813877318721268,4.274915463984923,-7.619457748408744
64.7648302764981,2.580739270481878,-0.936277389780506
5.016787372766983,1.6011682629387702,-8.309928087670713
11.586564963876953,-0.0209248762781752,-5.9140909530027335
7.400199334335181,-0.6880502948485833,-9.05635884952259
13.192164209829857,0.7352741380545079,-5.62623586940056
25.461871864725403,-1.6312470803864725,-4.254568419741837
56.40429047190776,-1.7129410687967992,-1.7712676567928438
29.12071796612809,0.8799360450165945,-4.521490036473097
53.40528128660712,-0.9677895117269908,-1.4269864057007051
10.872435620374564,3.730264787726109,-7.11175020812924
47.36891547144469,2.599872941554409,-1.9320775941541275
8.13165893940333,-0.2433394627508681,-8.732493871968481
73.16048774609185,-0.1540359829237327,-0.840450301830028
7.146221405596164,-1.8331847105191783,-8.337882628906996
28.597087554156907,0.4958771571675369,-3.655326851897197
35.24288571899997,0.4905292086435196,-2.493444959637226
51.82247472306802,-4.7332830898154965,-1.8349089633876656
2.011126926437542,-0.2202197024825459,-8.563633358686987
25.605640197036564,2.179940489503005,-4.179237392965279
8.840959476194286,-0.9439690951166408,-8.363087952807584
15.467862767622997,-1.598070436153919,-7.028613105033209
16.380007863468066,-1.1284065743982856,-6.0810560125143
49.51874591579978,1.4974331798691227,-2.1728635722666225
30.795669380318877,-1.6030610930559424,-3.95436333712133
41.11487586175187,-1.1393837311901212,-2.8996523493663147
2.817938474559631,-2.268084409011196,-9.184337050885732
4.70596756787908,0.4127788619999927,-9.015867817040892
25.23279856831262,-1.9301953307201731,-3.703361248534474
24.99572601337288,-0.7106945727642554,-5.020043536429244
25.282951845192045,2.480659541314602,-4.808544363424925
58.31264787965227,3.020213971174426,-1.207373563453573
54.82527601857865,-0.912785146901838,-1.8056651650414692
7.570525464877304,0.4948522396105606,-7.551778973438937
24.89755248448309,-2.5481396396934315,-5.16434027162902
1.6898898776151232,-0.2325740228625228,-9.671221779431166
5.05258852878642,-0.2245818298145479,-8.924000789974064
18.32940788678483,-2.748716944030492,-5.736366884828448
5.731714514365661,1.5631822029728348,-7.322112981052482
24.74278888027702,1.0788030646474205,-4.570541581839266
11.82587923483702,-0.0359935041390884,-7.1805802124122575
71.53338799859532,-1.8829191727019985,-0.9288479168225924
32.12342236086373,-2.598118662300768,-3.511247112359354
0.5296258978853249,0.5142350735457893,-7.8720797127144
12.679080550993309,-1.1150385062214692,-6.310630868924676
32.68210422641121,3.213207708744114,-3.4533456926120207
17.082692697829604,-0.3731847371931061,-4.594580491667064
48.97893352463925,0.325417862869577,-2.1598059683308413
23.59081473113936,-1.4965944171991572,-3.911123918814037
32.44545338333805,1.5791483514286346,-3.4897080382571244
12.680661664023496,1.0515316494319462,-6.894497524055277
77.09881095866315,0.4010264729028353,-0.8599085277853694
3.10263120609834,1.8846687011715848,-10.209993906335953
64.1851434021039,0.2815181614763515,-1.089408902119142
12.322734779884572,-2.7072059183259167,-7.755711696953194
3.841340538372663,1.438156086352769,-8.44153613313848
4.838603803923193,-2.165351350833216,-8.808724983834592
44.503307254057695,0.7009441324223431,-2.6306067750087703
57.85562054721858,-0.9677873058448968,-1.6469810871642028
5.382609644282194,0.000972684599501,-8.918224163864526
21.640141469041467,-0.0663552192991889,-5.056217553933311
71.3642349118433,-4.140592930279428,-0.7845730933596404
116.84103863059384,3.456788625086193,-0.1943118259477021
6.771606296394373,0.8579981774404113,-8.336539451442656
52.04332446078584,0.4802479009249533,-1.9925835654985384
0.7744711785849855,1.369838217924529,-8.014355060158946
31.348039542771154,-0.4898348306754586,-2.9264140839638837
29.816382916717444,2.199354724313257,-3.0415326340185747
15.716872336603544,1.0888334384912166,-5.157403767800672
29.790070248369844,0.6609871327630259,-3.620626864388443
15.88674782104891,1.869039717283727,-5.049277714177169
39.27737539492993,0.2238971930929651,-2.1783538764441945
20.51187777385549,1.1945249756049954,-4.931617448476263
9.917727010468877,1.2430213271259778,-7.038488758475368
4.515287127650814,2.023066590415472,-8.26966478243608
59.63680080056865,-0.9577962150001146,-1.2846607721759575
24.321760174147727,-1.7789420773982976,-3.719996765605531
61.77701547529488,-0.4390403823140534,-1.4912466691734096
76.95360297781549,-2.770658652133505,-0.9173764154682732
25.001351549034048,0.5083116307779015,-4.828585556368759
0.6899248957621898,-0.2295685333522255,-11.479245010119282
33.68399153319649,-0.3195598971812753,-2.8612034409077456
18.146751467443515,3.965117892516013,-4.563900210436723
4.269922820774114,1.2826954010089744,-10.167278257857827
6.792664038896779,-0.5899961008007488,-9.300080899842548
15.39045556737264,-3.36069770405765,-5.901276717633111
6.879264614909869,0.702735009802804,-9.528626746624465
71.46116248777821,-0.2651808148208145,-0.7992581655544465
14.332827539467864,-0.5459187736930595,-5.504313087727655
16.440229555625553,1.9032441255093888,-5.35958292190378
18.91800289157743,-3.725636082273321,-5.420901140845823
112.4373734269218,-0.6935824997396277,-0.2307188655812316
66.6026662445626,0.6850836254505639,-1.105624480401737
11.006011902315809,-2.016870281657609,-6.010766311608393
25.939889489131165,-1.3258345312114703,-3.450055800599368
59.8801179721115,-0.1214357082862399,-1.5313147299855765
16.924668895215547,0.4278349819777285,-5.198655271234047
1.6305217189067909,-2.167158966092847,-10.728749005793398
15.242859527507044,0.6780702887930832,-6.098664877640794
78.80127570112663,2.0393771277439923,-0.7230616550195441
21.60881753678551,-1.385157811035988,-5.674195334094569
2.3446380582506285,1.0779844461926722,-10.647215734144057
67.40492886929053,-1.8503178626137475,-1.0949759782750417
52.68993665178392,0.7870172463341909,-1.7401888431719246
109.12095107122056,0.5896572349648839,-0.2286420916914016
23.69800822288712,-0.1690569500648976,-4.958544608364796
27.97977555670223,-1.735801604278954,-3.5161555783854306
16.654848034733472,1.4108252189211234,-5.830162080195153
62.78019585434273,-2.7124650188565926,-1.4053197679515017
5.851869198901453,-0.5477808873452543,-6.6782265681171085
7.79843888309113,-1.1937823652575514,-8.482845375659293
96.39231834771944,2.605197678299856,-0.4165864607645712
38.10155434791822,0.3777693768443036,-2.7280695576941607
34.252982855467,1.6481252085078388,-3.4480930926196605
15.458031289942882,-0.0573127741069997,-7.020411879865
8.073658183726678,-2.159324434735241,-6.560269004490692
47.16484346161708,1.4657963003788683,-1.963929724532807
0.0676200691871296,-0.6093284619083918,-11.337139879958697
5.969958514693011,-0.1589843228273351,-8.618972045831132
11.92002472557089,2.5219153978700675,-7.201644464431896
32.32506379134052,3.931029126865842,-2.743756940877483
12.241348848722364,3.519128570931465,-7.146200031200365
15.572523250781892,-0.2464261915412944,-5.118372220177192
2.2695913629078723,-2.050194930197132,-7.686911875985052
25.36226794487525,-2.870938730488437,-3.9973593923448743
15.221468917512212,-1.9404911197305013,-4.911526467036632
26.79427525383848,0.541018772791718,-4.53999931804569
9.380458690528142,-1.859699434814796,-6.696880724221849
23.73776194457836,0.8756637369553435,-3.6555021055588033
5.171266071654418,0.3243982603506029,-7.847267697258474
1.0349805542451358,-0.2609761686335825,-10.06729055506988
39.23967006178676,-0.9817154591239692,-3.2173322933793504
27.355733674168217,-1.5978100522902363,-4.325382023638833
21.23937292976642,-0.2058443472961614,-5.680107580352937
12.362049003675256,0.7643600172289308,-7.246457810515442
21.53584033337681,-1.4871572056585134,-4.455642381135175
18.036936745348022,-1.5740421897791368,-5.581546047378113
18.36833866416269,1.2250694739389578,-5.844602790215072
17.469947249986593,-3.079499094311098,-5.26628957895443
5.918510669228631,1.2023728503224302,-7.849985027750624
6.544260465509394,-0.9302859396210664,-8.905573716922245
32.07685367503289,2.0460764870745543,-3.1236494699993225
45.45765931044348,0.3401363109920793,-2.6049618481755563
1.967566964515119,-2.8049791387817966,-9.346077580224854
22.791260090853537,-2.9061463178155003,-4.46185417717946
4.872641437078653,-2.376924091236264,-8.520569812996388
38.03292077905621,-2.3366817307806858,-2.424966236459145
53.88894981782944,-0.8388679218005979,-1.6550755469473624
41.56058173571012,1.7793096562083728,-2.793156912483584
22.787627970904293,-0.0226297226818956,-4.947237144427056
34.40308926706616,-0.0493424436557375,-3.54815600942258
13.79831598431301,-1.0433723381164852,-6.726250563008312
60.70034867426391,-2.92699115759504,-1.4572814627066069
14.836485613626676,-0.1882324199358018,-5.992672968264958
1.1720745615927723,-1.3339196193478424,-10.282370767309558
5.514788417168718,0.7540670923259358,-9.141144060618355
57.41407074556178,-0.5495520598280558,-1.3384771974720002
6.047187874061338,-1.648631368205964,-7.828062453944088
4.537043624643036,-0.2461117790301565,-9.719047292090172
28.355171014308787,0.4438426048945477,-4.588177529056217
34.51538668037552,1.0379630383746163,-3.4677500364954046
56.26919361175536,0.6946118883762606,-1.3622680417442212
84.70647039572464,-2.738519717326534,-0.6049196527483527
69.5364110968883,-0.6282197284980435,-0.9473589240865984
9.062697239590882,-0.308224195183298,-7.938207485215148
74.30712858287453,0.9851372930468164,-0.9147646816705364
80.71859004712225,2.340877519084504,-0.5909848771976746
87.02596863906527,-3.0265148367358625,-0.4775967072260207
87.59912374699849,2.533472871062337,-0.4793015638359681
35.58375849764136,-1.1358479025835373,-3.2817769710877527
3.234931053331189,1.709781692609309,-10.272211649832718
84.19277426953023,1.8554379936784096,-0.5726011732603032
0.7798263384702093,1.4619651717778015,-10.311723993199472
21.95258582783255,3.528854945669467,-4.923575119140128
0.4726765512992675,-0.995025134544908,-9.136669292046392
20.06935121109332,-1.1905270215306802,-4.557236020622122
6.476084889428065,-2.534257260708673,-8.47140670468341
3.8342436131205777,-0.8117929788133651,-9.071144375106313
78.24015549122461,-1.6038494105486525,-0.622813037548281
19.688107748453977,-0.4626032652790673,-5.232530252623072
36.59149415978898,0.0459320071078457,-3.049974585480536
9.405745462665225,2.7847234578386786,-6.46140073690388
11.026897891449496,0.6720800507208694,-6.440182846209286
18.136332330972696,-0.6201106737020472,-4.604898132753795
39.16161918086829,1.184328185009096,-2.565502491653104
65.17273874825904,0.7020014741093923,-1.2965935229159529
22.30321528522201,-1.5537504535876234,-4.256737252514715
16.666849769628623,0.2735814642316901,-6.792740523311643
9.267352010582943,-0.3688972659917021,-8.360428745639762
35.83314393914566,-0.4479389111897585,-3.574382761327542
47.17210672101619,-0.5650029713018605,-1.6895818299470848
13.10214956296107,-1.998000319061457,-7.619224460008925
3.903728698148643,0.5583076753189652,-9.102030585358513
19.210250597135392,2.2640935025470275,-4.494442721389141
19.503425053634697,0.8987609713558934,-4.7431464840962905
4.170135117547255,1.0285326071162868,-9.94301844137223
12.845876662895597,-1.5195482998053254,-5.637819101442894
4.414995657293911,-1.3285106704665088,-9.699708538446124
16.76644949589528,2.384750410463077,-4.708299065960378
11.767072779859712,0.2558816352526721,-7.545283404875161
17.923094482417376,-1.764091339507597,-5.374995629053846
10.642454350511969,0.8649973992619701,-6.558716447349422
12.342322404720736,1.518493341794936,-7.265478422336334
33.19764869351971,-1.3204051332200744,-3.4236785043336555
100.17661041540924,-0.3509823925956579,-0.3967215155467882
11.452191506760084,-0.4807021671784482,-5.946830619314445
4.13984619227155,-2.012076582552051,-10.306910403337412
72.40105899739453,2.6877039410190218,-0.8693910831089228
12.117254583313644,-0.5542302271518857,-5.705208006471648
57.116914731279614,0.3284269261733207,-1.669619167629873
13.980520271309905,-0.2988832535433665,-5.596197113693384
31.2675301020522,0.424879674503097,-3.006253824939049
62.95793196233053,3.7595962186366,-1.414190392446238
52.64713076803376,0.9212353559129952,-1.4312849927511695
0.1675582482095071,-2.8775307696873256,-9.307588195881108
1.0312006813037555,0.6041769531587026,-9.876783720616956
6.032254613478261,2.0361246641756425,-6.871156497623055
10.840393563909792,1.08591431098626,-6.641490803818679
26.488108994796672,-1.472685011415818,-4.954692738055341
20.23738333676963,-2.923568811898979,-6.093015757579675
7.534160370085805,0.0076330973028364,-7.620463845126939
30.427182512588857,-3.416573934103305,-3.834444847239618
4.865146827291109,1.3263695926611692,-6.824012335170711
13.685109708975846,-2.446317924844166,-5.4947597361544
13.805607515528658,-0.2361158705991767,-5.577360513227632
95.60067507186218,-2.678249790848744,-0.3590318652923615
23.516108244557262,-0.4384822409180285,-5.144190123225702
40.0733050568431,0.1977268241321396,-2.31418413112124
4.636964258406011,0.5033117397970226,-9.73710440979342
0.2132849284874945,-0.2234908398352588,-9.441263509740253
0.2444386733093175,0.6223710404839785,-8.291568605127164
8.421133531639612,-0.0689239799997034,-8.209718664940057
18.66311330206479,0.8835426670208211,-4.346529398794415
5.411831492417922,-1.7852970203304814,-6.970393191035358
18.265695993624664,0.3212942266992834,-6.064038086982667
69.03307708630034,-1.3091861058682852,-1.1003607405149345
13.538395709897928,0.1647236494717675,-6.6934978381741175
19.83976808855506,-2.1650914232773117,-6.074533480521072
11.810583355126024,2.0612514135133497,-7.065702680472196
21.45737710867743,0.3564861608358981,-4.799894324405732
68.97317192972734,-2.204304444743816,-1.0250803340108177
39.2307351607871,-1.4780597099439596,-2.360057089649977
17.369735790419746,1.1842167360901217,-4.75481472141371
18.97694623158877,2.1090824032834576,-4.67123485678728
46.42371870688509,0.8863988972508197,-2.3222047144668183
78.02770354558312,-2.1904803424182693,-0.8776052816651762
78.14605090202336,-3.240512084866603,-0.6876328608896702
5.68197536186252,-1.719722751990045,-8.654559693449256
40.52718822876288,-0.8987934961808279,-2.985357345342282
93.26163646212106,-0.289917500991948,-0.4746696497059189
26.3970816292048,-2.673014236050574,-4.381126877053648
8.086309718885678,-1.0464811643613994,-6.6186612812244165
31.780564626090957,-0.3448188296405496,-3.7475731448936
8.412105832673083,-2.8106717892128223,-6.657842998744629
24.35414719514065,-1.4905526239451712,-4.099632816393895
16.23212269381799,-2.1525785816673024,-6.3733677981703325
64.24112825656631,0.1476101377012586,-1.042810720536639
49.545607307345705,-0.8864906380468349,-1.972074530248913
9.075260557677264,3.466865950542134,-6.662175349872839
49.94272584150888,0.3216620430321294,-2.0627007909701818
5.970379252242702,-2.036611910246758,-8.021084919035424
52.26663777467186,1.0325069692097046,-1.5319018117668872
5.746823582589057,-1.238324659606519,-6.836154772821312
1.7110033677699232,0.0711640690171096,-9.326651513043434
22.459801088022477,3.2256931244246365,-4.725649437832661
3.580845186980113,-3.1813574695790328,-8.260290697812591
25.994928964174445,0.1935826065822383,-4.302277326837396
73.94633282152954,0.0373515395251659,-0.9564054340914367
41.92053560370053,0.8520070886261244,-2.0754808417834405
47.28497286793971,-2.1174313337026818,-2.3678704261896604
23.82083075796993,1.5974882376102442,-3.929443944171774
64.46284317802579,-0.1831539980953369,-1.216006253055026
84.26607475500968,1.8979034754027664,-0.6955096363260221
21.93319806910445,-1.9445725335196835,-4.523611459986802
7.093921298124106,-0.0723082422367521,-8.651920745556557
36.61860769587824,-1.252085454783156,-2.57830595660507
30.435894360762955,1.2970507918950744,-3.4724992392158707
1.8843926266594548,1.310912923228977,-11.26020829155822
43.90416466487173,-2.1285601578142126,-2.038442552054273
9.777314181597696,-1.090994593667263,-7.638557356777826
50.56895931718512,3.2126270884616903,-2.11657505644421
25.589079638242545,0.4296196311931975,-4.832828498125549
5.338106440969038,0.3530581025400597,-7.3992101671992
39.05394033709643,2.4239156462126803,-2.2011921529475544
4.847888018681448,-1.7952860132246788,-8.770529202902093
45.31772622100385,-0.2528770025606477,-2.073779551649698
0.7297013395450662,-1.9784148149581324,-8.98981886892283
19.50083420908844,-1.389698388816783,-4.578947661597571
28.40869813874908,-2.010853219230597,-3.4080038342334515
0.1477375031312252,-1.4582299053739347,-8.798233919987618
27.004030868741776,0.8551830954542161,-3.4032287971292488
102.7167315286308,0.2892112276956717,-0.280355851987027
4.938718524057532,0.3737405108521592,-7.488854304056032
3.769591174044219,-0.9008870399122724,-8.679316725550727
18.851856281115158,-2.1476298996475416,-5.676268136797814
1.6496389820430684,-1.9542349031203088,-7.909820790651057
3.587488118944795,-1.5323948191368235,-8.527557555599921
4.160711132667656,0.3212399331725802,-9.476830312186474
17.744318223582415,0.690615969958526,-6.028818565229985
32.5162334180656,2.261627949146517,-3.967919637495747
6.617579659258681,-1.142874671898828,-8.41501126475141
39.244568824898494,1.9012466530892829,-2.629067599915031
12.343583242988212,0.450426949096374,-6.722688586235984
32.39405917866517,-2.950021403742619,-3.819520504641409
44.97028988065116,0.8501653908617266,-1.87939312127501
43.36351155547769,-0.1380368100640406,-2.15323090619112
46.79615568953426,0.6762855300410172,-2.2555043912941573
29.45276199004536,0.8630682870223205,-3.0103139096091702
32.801891024908514,1.0514660375975255,-3.9967710245537584
4.880088640829626,-0.1801013857154824,-9.65451573200054
26.85064698474523,0.76686273393696,-4.413889527187043
13.70561937376924,2.349390057468788,-7.19308250076949
2.048929708097482,-0.4838212580348223,-10.24433787055084
31.939927975425626,0.3554188625058558,-3.678723444165032
27.205271399287177,-0.9802097409030366,-3.437450621505683
35.58011495979959,-0.2784363031324733,-2.5622311472934425
104.10244675124476,0.0060224965175391,-0.2636829230791431
9.66662940600088,-1.255883835530195,-6.742953896474895
13.703886195700807,0.6512563434877294,-5.844040135167065
77.31857189272242,0.083039454498218,-0.8939839924707204
65.70510614887503,0.3412767035335439,-1.2436404811467603
0.7794038231438825,3.4543168274324287,-9.441337926159171
13.47416839130921,-0.2151482790948946,-5.51884055358037
7.872392953196259,-0.5287971813768073,-7.996738111774329
1.9047660031491127,0.0170934269027516,-10.206327201442328
99.7221067710359,-2.710718617159745,-0.2912711569364773
7.770943434368643,1.250238952198401,-6.564867005324928
9.913461388819012,-1.895126047554252,-6.732978133843921
9.076231846502932,-2.611668923338489,-8.465438474146358
52.76732341243188,-0.8607458058251434,-1.5306888613129013
37.17056640078929,-1.9703127041234088,-2.6480961755532118
8.61836220641492,1.4705689953445518,-8.727460881732137
15.6030556607364,1.464937616323505,-5.936008898333339
73.6743803077964,-0.9179790191170958,-0.9928163388534924
11.056324346203272,-1.1073588291962069,-5.713452516813561
17.545591655946524,-2.34313746903186,-5.286529886916571
16.61043363304836,-4.750294370651503,-4.9952315392267055
8.47476835348191,-0.705737850946645,-8.554592181529333
8.67447655249569,0.0910865091170762,-7.291848556962707
3.514904632808605,-2.4169511517898217,-9.951973782710816
21.65769949606566,-0.8691508587217492,-3.961799343706493
0.8102051026897283,2.259258465322399,-9.943180559548107
3.173391121169123,-1.4047091716135636,-8.631479049476905
43.24714037798014,0.752714930072089,-2.3809619848554053
23.58239944812521,0.4775593096034953,-4.586986461035655
50.193091196327096,-0.7857338648429606,-1.6125068452438056
0.9286887790884198,-1.4333905932727165,-10.547551002966271
109.7227814250741,-0.4740121760827881,-0.2265638750061401
1.3013397730583864,-1.6053152530082289,-9.395333248259416
8.490907403408713,-1.0515243210157217,-6.268213654560787
1.4693546258943857,0.2563219561210997,-10.932147396424815
13.4412122606213,-1.1820501739534062,-5.878290135346801
48.4375307771836,-0.2308355764964664,-1.7310527664741917
36.5284372677866,1.912333476360004,-2.5825984132814126
22.75885264775801,0.3002996364816038,-4.735762758080606
13.170665335284513,-1.4200581930261391,-5.811695810935683
0.9040060407531492,0.7133759467356784,-8.23020584914397
0.1644503012882965,0.7050355622668516,-11.425867506248457
6.708020233732077,2.122794907029397,-7.684741851985801
51.87798536051197,1.4116887480756342,-1.5997265366142643
17.259584420761612,-0.7823753941110783,-5.38589471013068
51.98090872498213,1.7500461283779147,-1.785478313485977
53.28125593702132,0.9468792193569388,-1.8281611786678
19.33090430066738,4.106118910124072,-5.046234511843052
16.630973899668106,0.8391664173620139,-5.309174449372895
12.029185039371534,-2.1302439240496254,-7.487168023379227
1.5570429397405323,-1.3390527010824578,-9.830374258440589
32.946658499460206,0.8122854932641717,-2.6939151436521063
31.93530056521078,0.8054085050401738,-3.5670118924614056
23.549848008235035,0.5250868539448934,-4.953307649503034
42.47629676351927,-0.2022817506965469,-2.774615005040221
29.91482269419468,-0.0143154784159328,-3.3192818464572182
179.56450036059658,0.1159169054222725,-0.0207817168916082
46.03794195767416,1.9877004223451376,-2.157006047298609
49.481549316034446,0.5410482274037843,-1.7661235242565387
53.18182370538745,1.5034925110189858,-1.627345602876518
27.950440032431416,-3.1078809661796183,-4.710459066343225
30.556481532719523,-0.5967631378819457,-3.7416447925466505
34.67031267740564,-0.8003185505332591,-3.5434657859985483
14.448746800199942,-1.1701859917204165,-5.957579561983807
14.43819990201727,-0.4341453110064954,-5.1901199826411615
7.31124121808467,-0.1086617158326474,-7.774127881747129
9.284505162151763,0.4634339897749751,-6.555410027757608
5.741913653110967,-0.4186132577100021,-9.040802697403398
102.37460951023714,0.8569540386671263,-0.3519681057390983
27.12503593393558,-2.868689730385935,-4.851532329756779
17.721399219496245,-1.6449771179720938,-4.463939793203516
37.2904425211202,0.7641701046829854,-2.805255676379993
132.79854229379265,-0.4777753747364162,-0.1272150348604239
0.7997750978695938,-1.767913600699168,-10.982532102501043
23.331776590353595,0.3688002236749661,-3.990831585470591
2.7971228865791846,0.8288710508683484,-9.712321211018551
0.8343784945041784,0.2979558994961269,-10.905432140772778
29.64730558202612,2.867019584845588,-4.372231740500146
86.31936671701428,1.9504805419570568,-0.6302181429142446
8.044648586371453,-1.0026893711236264,-7.866813477590354
27.151173687715502,-2.2912074704688283,-4.668151384952626
45.42920881122353,-0.800931955415068,-1.8581888283092407
111.90517417185428,0.2681607073235489,-0.284267917465163
39.38649194271431,-2.045504480757076,-3.190403524760812
78.85085825990116,-0.4911068588796337,-0.7243393797832463
50.67373626700188,2.368824833065621,-2.163041390665165
67.37581983805327,-3.2007910846317973,-0.9754366659460144
4.463376501509562,0.0808470426851825,-9.928079054396033
13.20406594854131,-1.6414348080890189,-6.473351119855109
78.5609423541438,-1.4576232851485895,-0.7309738921771841
17.2698774790475,-0.6981116451978915,-4.524601041540748
5.683105565091073,0.4407031726041467,-6.774367573598432
19.29117291808783,-1.075973161011807,-5.20072766278427
2.95145006342542,1.583750211435635,-8.628909860578746
2.6691345378048754,-2.4079742857723105,-9.498860882762695
2.878934171640172,-0.3759221920888925,-7.841525777203829
66.48945544163605,-0.5036540313889112,-1.1661199710070909
26.77941920742017,0.5229791841017893,-3.970330400581513
70.24340232166564,-1.9618092289347155,-0.8273881903153986
38.86131748130607,-2.798809850731138,-2.924428307633382
56.50289956496955,2.253710436957575,-1.6207874452177025
1.539600179831839,1.352597410588583,-10.310576180918344
8.978531273295134,0.3758328515758148,-8.274846174038661
46.83609386955561,-1.2447937300675878,-1.716024490413812
68.9539040979172,0.6488767972603249,-1.0612959843746477
5.845039882854151,-0.6757051720283606,-8.858227804580412
24.50609903519837,3.1036731850713863,-4.123535518899362
14.214896561198104,2.7137812532298264,-6.427942307648013
58.76844045836042,2.160433742865553,-1.4995390098024663
30.74777348294615,0.8918540986750905,-4.140484770656727
78.20291303090993,1.9498742684575343,-0.7973408028991499
9.982056246603616,-1.1382457528986147,-6.448782659421201
9.229661371295682,-0.9395301985287344,-7.680465277535354
0.7786491335551058,-1.2421827406518058,-8.047434557921958
0.3504969482821651,0.3773680728858035,-10.12435373004077
3.234561877961588,2.647799722068004,-8.459236718817003
42.81964358274982,3.298180717558169,-2.7119427440030126
15.658162275046038,-0.7477282394390744,-5.9397020750883085
25.590348782762497,-0.2051596585686096,-4.75448903849017
7.530962235916021,-1.8066790229770149,-7.785603097782594
28.563774445664613,-0.3993385612600472,-4.44631161447513
4.43619140524669,-0.0918475932061897,-10.318039232038036
41.93829159735736,1.7117570856820783,-2.416856488784999
25.72298872288835,-1.8669175139036485,-3.5016046916198857
10.69594932417884,0.9525066048678448,-6.201353621492776
53.10515081423812,-2.158591337174399,-1.8561547355815056
13.283194420642811,-1.3041636269055934,-7.07888834550062
27.46548561531911,2.152921374282765,-4.600574445499705
37.63007735391603,-4.986848935909872,-2.4053112781141035
7.198919061195505,-0.601649820064532,-7.368542643133436
118.91942490791511,-3.1235018322922663,-0.1552249194964211
8.811508512070644,-0.6266222176557008,-6.955251146926387
53.16908149524333,-0.2313689657690817,-1.374437528233437
5.430313504033316,1.0083056983026173,-7.683694767077607
4.687145327471355,-0.6720884761747514,-7.269047737245804
3.0729924307890952,-0.1571752393065555,-7.918843001269942
10.23890682819986,0.3458789740579635,-5.767122555162225
25.125726797294146,-0.4425248618989587,-4.770291126910846
19.8633884294014,0.3128231489341238,-6.00665725132407
41.292911507351135,0.1095645548632789,-2.281081790324847
23.1813096157742,-0.7733281812767103,-5.0849145812800165
29.867074264915328,-3.5944534570481506,-4.034322758944494
60.36442404836909,-1.086158886633214,-1.3165428421659129
24.032193061719656,0.5012382199125873,-4.077093313106176
21.830394491970274,0.3494517331185714,-5.787214348563898
46.432913938424704,1.1190158800013776,-2.4838546347814674
29.55235591377256,-1.769802562297044,-4.40203214002123
23.68412741544857,-1.3876333715122278,-5.094409106047251
8.589521375800595,-1.246300429561513,-8.937956692233117
15.11686909110363,-1.188193250026964,-7.081649586167834
14.397372790010705,-1.0955210255007186,-5.723877105631333
66.91440759276513,1.1537804436985073,-0.9721142904816024
11.286904543686576,0.7352235966298146,-7.303511212085714
3.51779701961774,-1.8142666016340856,-9.532178359791208
1.8112346096769265,-1.5732836624006965,-10.11999976341219
19.48865216667832,-1.4922452287130796,-4.974868441721939
35.60036343204206,1.7737446375269244,-2.8707329438033624
2.189499357216436,2.001355879837513,-7.666981489264819
53.60746039796123,1.077541489550189,-1.7000938611084406
44.25932744212945,0.3612770781803892,-2.117272576552824
15.869157993026205,-0.9560211157897004,-6.385524471148747
4.032114462723745,-1.158846939073655,-8.296118430843057
1.7228791736654223,-0.1071031999344552,-9.387154127507356
1.5120231920433354,-1.8076879616332349,-8.7521124481606
4.381543128690367,-1.2139037071339072,-8.746045751490975
26.05102071796709,0.5397955984201848,-3.98878473198961
14.102253177124766,1.1273428534520669,-7.1624478008891765
46.18576254487926,-0.113426069278888,-2.0889842057917773
20.644994999671127,-1.91009283156731,-4.120476445800814
46.702221746197054,-0.0194234182842372,-2.353198561409357
11.164192263083182,0.2543397656038898,-6.681916263304146
13.585548052889738,0.0538161586287625,-7.356257845100709
25.403650158003884,-1.3661462850477657,-4.772459915949274
11.06769240313744,-0.4446249630050795,-7.692725654740551
49.08341103209728,0.9615683643306496,-1.5803876480665249
4.207387935609031,0.8975546453190498,-9.73069463305026
62.59655783739226,-1.127030148150189,-1.3817795545168885
57.78374259488629,0.6266234776438125,-1.5740359565084432
1.6714834705795047,1.4313641672693191,-9.066475255569568
12.1940620406533,-0.8409131945878793,-5.471037215426673
35.60290741133984,-0.6801432213992631,-3.26604631362318
5.240036697209673,0.3600613639816092,-7.705793541082172
99.13216977429552,0.8576287334535395,-0.4110099567570118
16.76803472353265,1.6960266032434743,-5.658593136381239
15.386637241158112,-1.5657326975822212,-6.619476052830277
28.501097872847076,-0.5411042042442361,-3.367428117453949
37.04749698698623,0.4468190867712065,-2.443116601546405
13.980791441344708,1.7480907339722442,-7.420819059406234
22.86905988084083,-0.3060843586915615,-4.697768898157102
14.74269851683688,2.3580935226195496,-7.29072286601664
0.4538357920000384,0.9330973775694092,-9.74972753505339
21.786874731347854,-1.8772149502014168,-5.788573691292904
4.103889527188405,1.4358028062564072,-10.02837043793317
5.69449680818921,-2.951833144929933,-8.08612788641041
46.19644306895843,-2.0203134868800547,-1.7269330118876576
48.571621262988536,-4.541930377219549,-1.908399014442013
9.159997140667198,1.5993296228464076,-6.378738101508181
50.137642652232216,2.1561955081110806,-2.195608929645685
1.648616952868617,1.1181568424523016,-9.574183653287726
7.79452041507313,0.1045264011478732,-6.872792763744073
12.726561272759032,-1.709004279009812,-6.775056955759071
14.626432532317136,0.0075719523994468,-6.274222098967444
109.14891394950016,-0.47089450681367,-0.2772299861696185
13.789519858755556,-0.1665138558215618,-5.834500153707943
3.951336685843714,1.7943669032624858,-8.96752986977651
41.73059117663203,-3.079991875008223,-2.3508941054467343
41.88082162518817,-0.0670210964198446,-2.9214502438490246
1.448904511253858,-0.7138826699264481,-8.787202958508477
13.73880050359583,-1.419115578926735,-6.710855782517601
12.399136854396458,0.605503597151096,-7.620172505921568
3.5433662207937635,0.7871464539523665,-10.465760924307649
5.022887700441042,-0.37716723399911,-9.371022069114384
28.61795692346708,-1.5897141568735351,-4.216622764026341
113.36481522819624,-0.863531972991108,-0.2573398177790448
2.660569118325831,-1.902053111043092,-8.925800695770063
44.557416832667016,0.0994063934793979,-2.0773914855620013
30.776109254735392,-1.1145696524059878,-3.932231179739372
20.158319538447028,2.9604934034287687,-5.219686655083824
14.317227366557882,0.5783488986329391,-5.38517448080248
2.266802008462188,-2.344243452247253,-9.847322469764682
1.8811090166806723,0.3753269938342736,-10.695087091113615
27.9985693161508,-0.8568407116847931,-3.211675486645688
11.967407527055457,0.7362462679404062,-7.07377021556302
31.8647395465946,1.1882171114246864,7.568181160212914
45.011630761714684,0.1882774135548909,3.723827989131632
19.960962421225496,1.0352594987469026,8.334504315818865
11.898210081023276,0.1961196116494258,13.693786569022976
7.503392411776042,-2.3128130372756424,17.479417152760405
38.01317366169746,-1.4528307811344567,4.856650279988664
95.05427287812728,-0.3425806372976019,0.9582996306612648
35.998133705706735,0.5662467995305377,6.577844507526938
27.066136448337502,1.4422336087954313,9.182535060936464
38.802785830522495,-0.2459640024095775,5.6563449720724766
38.28803045333334,1.0344212550308274,4.643376230482773
8.482245464317463,0.306346264385078,13.735535453825728
31.467538848303178,-0.9527198600554622,6.353279705313761
87.99570697389522,1.0829484033839754,1.1110089062938295
8.016860894245177,-0.1171768336545232,18.307792802314747
34.7198777646445,-0.8883267941981992,6.750721123826917
55.6801358135259,0.1759621213456357,2.8951658101816573
10.533461062145484,-1.0675293863165956,16.572173002666247
65.23114455209485,-0.8655555482235225,2.650596379622208
19.960474701611062,2.011339810576001,9.23982172146648
36.12808144476496,-0.1590055254573027,5.756853607801813
37.460834662504894,1.9818868868849415,5.759444681758168
7.796182981689678,0.691482261622755,17.22488922382072
16.781922945116946,0.2109045864721707,10.889780046521448
176.42676624070486,-3.926400111285049,0.0449331527202522
43.99037552766218,-0.7263801998814367,4.683596400935661
12.163704336581679,-0.4616331965805386,13.08663501166047
102.68505101313201,-0.5649352929787528,0.5906508455229711
31.050691850387146,1.4354986291592142,6.531595168885048
35.256980492089866,2.984702208485138,5.317463583058432
46.907870724141915,-2.5255824078716187,3.3510674558682583
11.852137061764079,-0.6379662067590182,15.785077669902408
63.58841804971619,0.6312574741331992,2.7646845744825885
88.54302685347935,-1.1203202560206669,1.0394362201493326
2.838803319067959,0.1701382245501774,18.014360512200753
25.481949120716113,-2.550259554437975,9.827677677735355
23.049953430325445,0.4439585157004807,8.166906492157167
37.84984444056525,1.8139458548635163,6.003206140629584
18.565454871160952,-0.7571914703269653,10.073674185215628
27.93201470767596,-0.0839599529891394,7.000485450846806
14.000719830240563,-0.7349566436572019,14.345624960924724
3.5638640147069056,-0.7935994178128025,18.96019191845245
11.464988486380811,2.366857490452064,13.498441203000375
54.29867852954963,2.5949729298743587,2.867883474891804
6.2050840113102925,-1.4290679652626157,17.7532472557527
54.29504634021842,0.6609752104659489,2.747771802936261
16.885580554339427,-1.5876142808800882,9.980026920814904
20.599463796801135,2.526078493274005,9.173600913363057
18.501701338266756,1.4380653998072326,11.011487964922386
37.75585135011015,-0.7525818853772142,6.445082898251491
105.11889537361554,2.608686019940856,0.5981037691980244
9.777115825422293,-1.3010912131556942,11.888612592044048
21.95544626742418,1.1725794838295749,9.447248190159934
32.26762749132977,-0.1085460645319707,8.173844097311774
26.102186067934234,-0.1715491893973491,9.949238084998228
29.873085385212036,-0.8528616197285903,8.121675778610571
11.343023283482404,-1.531070016755003,11.825517876738031
97.57372872612834,-0.8948261081514208,0.6763647559038882
27.757169606875806,-0.4973916412690673,9.166526900047163
12.992864971948528,-0.9794174802493736,13.589321055102952
29.946046830243006,-1.5781702390870531,6.498890494264331
39.14724536105421,-0.9156439570847772,5.197847823229718
40.38283162565772,-0.4040993496912178,4.315113229529866
50.75233396337592,1.243767565773704,4.414997790393888
15.817197594594717,0.2701921878912636,13.60302142005256
65.73244464578285,1.1461696588934034,1.9298158764700837
75.63145028734864,-0.5937552354932712,1.7065131776949198
8.729807708009792,-1.9758779682201548,13.750661473555512
33.27805476075218,0.7469817271114205,5.559205818472367
25.760577036561592,-0.3015757611266318,8.82971720965524
39.466734335086194,0.6115172079015041,5.341874650348943
80.08018242751393,2.03765113183263,1.1599365837540314
23.90011167993628,-0.0210948020175884,9.511066863520911
15.871620851149189,0.1246553812127571,12.02682587182134
27.47452829871159,0.5922124881819214,9.29696898840979
32.65947317316117,0.036025104678708,6.955648492797577
16.270622550857336,0.8965166539353755,13.004832548339122
70.59376235420554,0.9244999617439628,1.680923386992787
19.388292547305127,2.084871682457891,10.08740466068186
29.91924177083052,1.5713889294290624,8.645987114295247
70.64759684213512,2.7065486326186807,1.5372357586534893
42.037122419037416,-0.4076760076231219,5.774692287164944
50.17201848329779,1.79789399351793,4.187655547774651
13.717034979835947,-2.063649601446226,14.476645214226856
9.368182136513003,0.6768343000583859,16.3646662900099
7.867151258138001,-1.5222551110427482,13.497882443404093
13.573052268269329,2.577772324700771,13.441494010372962
35.16482109414763,-2.947983674943261,6.283668333685525
85.0068256007206,2.979746503027003,1.3936494053614177
9.82928731152521,2.638393033644616,14.035168524487514
42.70006526245478,-0.7976536384091748,4.596922678157001
27.252283717413984,1.8861215097553423,8.736698602931593
6.405441440017107,1.665024170129437,17.71826806686191
35.58159499342658,-0.8408067450679384,5.057763202890941
42.16042937859818,-0.6287124306176214,5.336849125789387
12.564200478089539,1.1402266421709046,12.67453092932601
18.172513848911365,-0.2214683427439718,12.835622986927367
45.58784185723775,0.7507491406539637,4.578208662182467
12.431749131784466,-0.0408202940513881,12.844235756464869
31.34071979911142,-0.0126808163206538,6.937475157864559
29.082800201391176,0.3839743810383195,8.48426734763621
6.021773972296224,1.6542823414847971,16.463869548457396
37.021255167302,-1.4132736860208766,6.224696555220863
8.743143800268355,2.3832768678129206,12.10101479145245
8.802952182847836,-2.884910009471128,14.403591671859864
30.88960943710142,0.4543917697120196,7.703605582619546
20.486729666712574,0.0828129881834538,11.117296310900796
44.659837558198866,2.1899571312034785,4.378350689101825
6.061033089361013,1.7492803364235965,14.701961759912535
59.630977329162576,-0.4730476910582226,3.0705832147964904
48.0231006347077,2.012191034725145,4.666555881094708
34.804858135932726,-0.1533713224471778,6.280689562980157
60.06547954399407,-3.055989948305704,2.6734445561887017
10.420438003579713,-0.9479687917745676,14.909316908569885
45.15429044757833,-2.087056675089402,3.6893701849369465
11.680064295100832,-0.280991783472331,12.572954729496669
29.225823775408195,0.7019787876010217,8.173308851325368
4.60939059353242,0.8311110335239098,17.44384299853096
27.88493157824442,0.419541254761775,8.160562830344304
45.38998303160205,1.5087647473327608,4.872941484683702
21.36097846978608,1.3957220264849408,11.200260044506749
94.71938546917453,0.0517298446291988,0.9350323073091984
24.937087336378593,-0.8437385514212552,8.486658238894902
2.9319723895433514,-0.6397580005322854,19.437528959025972
16.22407785608738,0.8566659577780291,12.215117560216417
3.324645149729722,1.4494726394348656,18.3630674477936
3.9209642249826775,-0.5055145903497864,14.392703305989864
15.486874777837228,-0.633017690276568,11.10867129470026
51.88430289110285,-1.8165698601816644,3.196012871480298
2.661540550073788,1.7247381233895231,18.59065168740624
286.3545319181487,-1.277376667306216,0.001517808186541
57.04114991452233,1.7590797079801548,2.6280354688998595
6.152837173118092,0.4485234799786927,16.708267297956095
13.386610678505159,0.6371825791857095,14.167463863177844
6.118282825910562,-1.9459025296461503,18.39332495346236
100.90582807654268,-1.5538995330745915,0.5609175289505192
13.743454850716615,-1.665966496945443,13.737423480349683
8.237016540279981,-3.392417676471472,15.971551381505597
7.810860849805554,0.411552893475345,13.078807216093894
131.3954606928155,-2.8942131798922555,0.2352321416768274
18.865234063368693,-1.2240532527107426,12.15536318287659
52.39264564081611,1.294150454051505,4.130817475199382
33.14282787777931,1.1160003005269656,7.245434000323921
102.55516305338536,-2.069639607321606,0.7360034572472016
29.742648205385873,-1.595678155258344,6.7334840892832855
66.13953431406456,0.1660485649105076,1.841087607957208
68.73079621586072,0.0646433748816395,1.925317206013009
10.39105932987928,1.6757291386969908,12.344879841566978
17.766946822971608,0.4050531608943947,11.952017396175943
9.7510624340175,-1.3069285834478614,17.03984335387963
9.782531112572315,-0.3246997259144375,15.535455440336628
34.520304830236064,-1.7064845826748989,7.069975149096721
4.758050724542932,0.4085388898117639,17.62347831355019
23.016404492733773,2.264826050162005,9.009389571517634
42.68484030743617,-1.1359575383060625,4.341272071596852
4.926952277059812,2.0421819930783105,14.388306643099488
24.24651270571355,0.0734453489476556,8.856702871061707
57.460884081618715,-0.9570712896657284,2.974797522834079
11.270836273262287,0.7953540301580719,11.97493446462788
4.2467801778478,0.5818851966660226,15.792884578930025
110.50698589748532,-2.1902001472098225,0.5767485262938367
30.558888154223947,-0.7631039404455221,7.435739186073393
19.275949993144014,-0.8914090492331908,12.375035272804988
28.12017898124327,0.3499000533102541,7.522253072772971
3.1169703341959245,-0.3421280737991099,18.479433147662167
36.37728871978065,-0.3617960430291266,5.040728814359846
44.65302377058311,-2.0828079706121088,4.555278379901197
20.886631246442814,-1.643389429643454,11.405553638296318
142.95234691142434,-0.7125123260989592,0.1868131843605209
89.62448129018587,1.9643412183416165,0.8917362528833814
32.792248819349886,0.5110619262803734,5.370122546067857
22.46728336288488,0.7733190278448521,8.667961747093154
10.924482157062549,-0.6244519512722683,14.937289066826738
85.0273553651552,-2.252326659607052,1.2340474249194002
36.401340591592934,1.443281440334194,6.294839723087174
80.47513852973918,-0.6389522267557174,1.133337002077163
9.653517546874134,-0.8831742962829987,13.27128298624544
9.818427190325648,2.33229624719431,15.56949838068805
86.19051282563835,-1.750324534096639,0.9224759350928852
18.915941874690393,-0.0051928366324937,9.583126166085146
7.153769382648555,2.770794933315649,18.59800341997628
238.29885813353724,-0.6760619919409919,0.0064460397550394
6.502621887678636,0.0666083521479017,18.7824937810593
10.409415447981534,-1.6901981649012128,14.898529324196046
22.329165023174305,1.1654456591416007,10.147876945066365
60.50243391299327,0.7524399425350004,2.867956297253011
14.193111231142044,2.587877182596059,12.23613769768672
13.281396764173037,-0.9281397960248636,15.261792221479082
20.894011309126853,-4.447520575963342,10.13666611142109
17.033273921677676,-0.409033797836295,10.708962899400005
43.510153654718,-1.787296994845202,4.782150663748822
81.67893419539499,-1.7965009343834528,1.418235973754283
5.251221463949758,2.02610975714571,14.4943354690275
28.028833819839242,-0.3451336733767438,6.578754701410425
146.4543128390937,1.4252425419571662,0.1718153103651417
27.00164213533732,-0.8681032851602278,8.159803269728467
10.979192842683338,2.1328773298050745,14.154856654309071
27.26188201227965,-3.620817525833108,8.087290931779009
71.24332689017253,0.7921159970298777,1.7973968510886518
85.19985295281106,-0.9096305428297748,1.3183463128083237
44.046489154273445,-0.5991480958536844,4.587629755175349
8.693274529131017,1.9025581799643656,14.041313918309005
26.02473006457806,-1.5923615042947348,7.353942319837991
40.11086108745637,-0.4456387319875123,4.692711962854751
50.93009445920177,2.386082899948468,4.118370077704012
20.085250837729046,0.6712830959756244,11.55288419330958
122.10240510902787,-0.4118298811113414,0.3538397713883293
71.50247309244848,0.0120910746741617,1.8006528600504257
25.031325631762115,-2.314211176800164,9.220472734676454
8.19947751197735,0.6420439028410662,18.07300527308498
21.94492804021599,-0.7655009274313382,10.980095338396495
61.233010078401634,-2.0337424121934102,2.407209510163282
38.23466193038072,0.1796982219614456,4.626211130339731
42.60890443251688,-3.038413526661846,5.794438753283901
46.22544889447464,-0.624963686577986,4.922436141705814
23.51314010405514,0.2752545513016386,10.6074963758089
3.7612112495181247,0.3573656599535945,15.142009839370663
26.897940903755323,-1.1978697835909675,9.113781670244467
10.423406996627794,2.668856774056041,12.66498224876818
73.96878634447617,1.4447679865964933,1.6727082431542737
16.954358253447527,-0.0068975182827597,13.189538259293425
34.819612568600846,0.2060117007578197,6.119586355284457
15.480439523983257,-1.825058703438923,10.74457269426327
57.09961322434202,-1.1195287574611517,2.8439433714350697
24.079566193370212,0.1569091357442094,10.729132084997383
29.56750808560381,1.947668133371488,7.936864970918071
16.451984486822546,-2.0894381941795883,9.472714650966775
31.406213726808634,-0.9186978593771408,8.155644964263084
12.286128270665083,0.61957873581497,14.004811115404491
34.76032092754848,-1.954385327277076,6.832818918710805
43.97823400739732,1.1120165925177856,4.88748663835995
13.991997727766933,-1.793403960270572,12.944432992779111
46.42468979372349,1.0586266776073492,3.7034869263970887
8.128641087313135,0.6730700304230569,18.129676991223587
24.19022861540719,2.418680241557867,10.089539010209332
27.93668097762705,-1.4616154139821735,8.658727965414275
13.165640165588822,2.885241181213244,15.301788956421762
65.45422828822346,2.549155204865832,2.6899910078058693
110.40316660367374,0.4813991495732284,0.4063332643185187
26.10603208978879,-1.3480864029974489,8.956483673485865
47.564874070500146,-2.4043565979339965,3.455093577925956
8.116934428745807,-1.4129770928475558,17.60418586858773
25.052046524472672,0.9142159252649508,9.800921592808548
73.8339823698582,-0.5386835550799498,1.6441576391859425
7.90942983112915,1.205801989960792,12.889244283167814
66.20891465674937,-0.4233493698677495,2.159878320909467
36.02022659529518,-0.1561465527618023,6.6031909345200965
7.715356263937308,-3.620487508549569,12.98421446204322
20.328268780247065,-3.092372505837772,9.63060572638818
32.610830138844875,2.0142223296968584,7.703258236716029
22.1872135088877,-0.7396623056561731,9.006686873968691
16.284318339334327,-1.7295029498166512,9.865711256997953
61.654779427003454,-2.12274373803565,2.6609823567732973
8.375160832444111,0.6208039812466152,13.576459441889316
11.281832950154385,-0.5196309138624922,12.12277449496514
17.4879297718111,-0.223230339122634,10.399527872870689
14.563330601104976,0.0916726993984489,10.559133989960184
5.6203642686859165,-0.0661379082573541,14.424000132452186
40.260630313983555,0.2561659276911486,4.678476769533664
12.694018654317468,0.0418608877857838,10.754421239226406
43.84477016956809,-2.4488652883676134,5.153554035634111
22.17675419219217,-0.4050025809117974,9.564338404166028
97.3265512088627,2.5262240969771668,0.7866733158412151
35.001851610691716,0.7058769227264382,5.133664545167614
22.928474828023962,-1.860872080800156,10.839634908823657
2.711142340689112,1.3233226633196593,19.063353186483685
6.012470225617455,-0.3324900502574019,15.223277393616714
160.57632687871123,2.0978945791408457,0.0929680572921909
37.478086168154164,1.8947961338459816,6.080442629312255
50.33513662952764,1.36176208696335,3.309729523725802
21.041138555717225,0.1838563051179966,9.584807115537137
5.77974464736673,1.3523083336898718,17.58467734606925
14.414041596915538,1.950637102934277,14.011467664057152
3.4437491222896224,2.7806320863607152,19.53423000371721
54.22556864671302,-1.8696470049061695,3.05762632303098
6.09283329470092,-0.6913610048667396,17.4036320481802
58.895733552725034,1.6197700138140552,2.9209811883355417
17.312346153185747,-1.766853031654766,9.940271790626678
41.41140104209712,0.1156697926398587,4.763210137835386
47.40872917596829,0.7085361637284696,4.624395812906427
60.71401627441795,2.7354592350955995,2.7939093187331614
14.029455018010015,-0.4412460224652203,14.18066193634182
11.184583757155501,0.9892405376250633,12.893174678642982
10.379561590055934,2.1165881873844548,14.525846038041925
15.519695858708973,1.334740694313648,13.095967427243789
9.989417550102354,1.6526788434392752,13.423336350308352
18.05553856703091,-0.4611918922894923,9.137058502631705
2.477669527336034,-2.556679870148822,19.28256680202261
36.947228016852925,-0.3058142740221944,5.701348606270647
16.603074889006656,2.1878879563535483,9.723068620735647
20.19284132605999,-0.4686104102396107,10.884619939472376
3.9092432938681254,2.210570448050241,18.25401783712993
0.9695670409450211,-0.3280702069040315,17.470311690537113
11.969170655530373,0.9798749568750152,14.746175116121655
9.264793004129281,-1.7075121421359964,16.644442028053323
49.60191078404072,1.5992775192291675,4.381901926640169
11.203187476513866,3.357656740260412,14.184449650224684
31.73797238744911,0.3972238128381791,6.714862179370749
11.751259794005115,1.3179425757288683,14.156747919251355
66.13264005293125,0.1737060981569625,1.8428053888619456
59.5415628568842,0.0839610849782147,2.633795820356222
13.217741603238302,1.9981918813911796,12.013542574767609
9.088730975717418,-0.736510332968763,17.171221570548393
19.393033000985064,-0.0485830534402337,11.81501390349097
51.72668068255696,0.0727370180276854,3.712303444625385
48.168851411779954,0.8409869482929968,3.4967293678694658
51.59711129861864,-2.5120588402220827,3.5084660618568067
81.52781958794861,0.0928976090257826,1.3921425246442067
30.20487391356651,1.3860411135443873,6.045612371971262
19.31663919214253,-1.5872332956163202,9.55811152055804
4.740957912643585,-1.2918574286489355,14.049752349825535
53.85878815930125,-0.0595955702014192,3.805529538204405
61.09750702855136,-1.3382558996333422,2.6661689634366086
58.39114891494203,-1.179956645060544,2.7984039517951755
53.02066406513923,-0.7641960167613546,2.938661882076372
2.4624161285013604,-1.0777757415101656,21.365353270695017
13.569221073701314,-0.39525515917885,11.439372077686633
20.16863470634151,-1.7332236045241567,10.303694453101013
7.813602447491187,-0.8532299753131118,14.41747499365281
35.11544533383657,0.8765775578154884,6.569705282681428
3.716936142562461,1.8726084772335057,19.250697168103077
43.903206973357335,1.264143512314235,5.319904893171582
14.317781106828415,-0.7189227205895039,14.731208001356972
38.45512067409309,-0.4115014262939579,5.761550312119571
91.26265772257564,-0.5333329188743963,1.0743009462664974
42.09972155335213,1.3574533530135813,5.385058156787899
37.44806337036237,-2.1321419915839246,5.422780541495444
14.504484736964123,-0.3568595002273773,10.922736860121915
89.24455010167785,-1.0711690330065728,0.8484256942460818
56.35261808762452,0.0926314330069529,3.3878110085506146
56.12921350407928,0.3098441468308386,3.407507870683169
6.577853767590191,-0.2777576610710305,13.892203816472012
54.30185955605372,0.360780559346529,3.191284876830685
21.513334878417414,-2.705648883164827,8.738189769277072
20.599781909310718,-0.5425987914824011,10.2020188444389
19.376357055926576,2.432621077500711,10.35409924768648
74.89011055486708,-2.4536782944810938,1.6224681806783186
12.334337311333346,2.684979284231806,13.40344450868832
102.42419863591645,1.100223559983772,0.5922853386459227
41.10996138116524,-2.4617881379460997,5.191288621951639
4.925068657076317,1.6592317346870646,18.75821735507621
21.341787386222464,-2.412282757208205,8.43409590663826
20.258910916650425,1.0032610346978856,9.567608332267572
1.084606226307939,-0.3511645377006512,19.30533063435
8.209873788869913,1.4532332180624068,17.833225957014132
60.071943041312934,-0.0500083798477264,3.0149395067486155
10.395890073917059,-0.648233097515325,12.099369934059442
39.654460859732005,2.7472337044957085,4.277614603260487
6.455482236742601,-0.1059554173570664,17.593807563934256
23.098110670855547,2.845331492411606,8.475901233478385
18.646573173387388,1.495304784713697,10.557921561242456
15.30207499669914,0.4625824834323139,12.473779718106371
1.2721107254594692,-1.1112420813036414,18.627069019808133
29.996422007712358,-0.1076907419011299,7.112892570398753
33.10288608956652,3.49238298513036,6.703786810922224
43.49163645311384,2.083615328342101,4.794361683842951
34.67817930612756,-2.094163252618,5.674903003776136
8.259392084793818,0.3976412655658277,14.243912833517935
46.2522290715401,-1.7848252334341836,3.993424782443135
5.308898765285759,-1.859411669409956,18.857499014159423
11.71800070575199,0.3053160549754555,14.246128203623854
50.385245724502134,-1.6487297374079386,4.141313379471488
19.46935331582999,-0.1210343967496078,8.536463011707166
84.88043982910004,0.4323505886589782,1.4120936780839828
24.554592974621308,-0.0522480374207169,8.317267511579017
55.58086724830458,2.5090286262483303,2.9254254964710587
10.787333504882762,-2.1264286012781013,16.162983260127646
32.859747833549235,2.321654855340104,6.678460400223797
28.722160216150353,1.6140453981721992,8.375142784556784
7.078694045950524,-0.8312249895323456,17.833021069226337
29.06261564030015,-0.2651411900693588,7.003549657078518
30.462631806045106,0.5524983866214914,7.794935589832717
15.168612275735148,2.9235551917161766,14.466227048928909
29.196054950961205,0.79693524345529,8.911425769982776
10.41484565376489,-0.92560793211595,15.148126603380604
92.36440301430912,-1.0839205406899468,0.9598751783356536
53.14028301532181,0.5463194094873931,3.220183549826754
18.667422668447152,0.1213925060470825,11.186002239135783
41.29548306013479,1.3727555403549163,5.19842741283216
25.1539936261156,-0.4572812029773789,9.164789873788724
12.071116951440038,1.8511742809608,12.77005576639838
26.261226827700288,1.6002321128054802,7.535011335624593
30.145791387579642,1.229825309151072,7.296147208963913
13.505756720901221,-0.0280924637526336,12.505531635293188
74.411263985279,-0.605165720323576,1.9056293692320343
13.685841687209944,0.2173955887903116,10.468257076893396
29.658470406398557,2.272249602649353,8.713858702925805
38.35051395300695,-1.847963702786183,5.589433764994512
11.693613511150897,0.2486647692868018,10.977612938314463
26.526075025028263,0.7816622276201246,9.26427275667043
25.915409209847237,-0.4857815747851248,10.115529954917632
41.797636626132835,-0.4119932958692106,5.499915100350548
57.14658955862054,3.595062619793654,2.917225045728673
36.30514573341738,1.7963710936908273,6.864421583136921
62.405747158013014,-0.606941890549446,2.430794433228906
72.76177302118957,-0.731735603031784,1.5029443217150174
11.160055418524115,0.6764532130867204,12.93790381897042
96.1232371662309,1.1382155617751994,0.924247710644568
9.32331448157378,-1.2545376908245731,13.501500823232067
26.365038706471076,-1.4240231200286575,7.2044959692553405
91.59291215018085,1.2455094886098574,0.9839604924808344
59.60179699183854,1.812900981889076,3.0997050780062665
5.162725966178272,2.061350788431793,17.855947247252033
46.39052421398372,0.605369311056513,4.497346042737159
36.36919185646687,-0.8652388023181163,5.90961348370701
54.77050148429693,-0.8890937171247018,2.961070773915641
5.583855045323888,1.501277014932039,14.637655805409723
29.866514358489997,0.5934488851058538,8.035915098039943
40.451021753110446,2.6176953793829822,4.924348643500853
26.66402702370616,-3.1329667172550835,8.112691280951841
11.051542834970123,0.0088510700767624,13.195810295656193
30.091676176017252,0.676853317176815,8.406971852095442
7.094907731359846,-0.9208986930233548,17.449405704651884
24.305724060365964,1.740972257870827,8.8910507024526
14.588999283422854,3.577116817383322,14.593661389115011
9.443900913391378,0.5246167446955028,11.974126715381916
23.66955199244836,1.6154691505491208,9.219463546801869
59.172076464226315,-1.4729449906418488,3.208108810897863
41.56336498011644,0.1245072312415767,5.144928768061026
10.523024534235033,-1.4264402451561875,11.680576919140936
43.641538437821936,0.1098230469363287,5.006259970918219
22.255482932409475,-1.2101494839196036,9.120434966822016
54.55909763799016,-1.8834065702828795,2.854321000807787
24.813336185324754,3.0058199239715773,7.155465373488268
7.474606547216597,-0.847123783660029,16.25181238653964
23.726720952262248,1.4735115533978016,9.47897226503676
7.098002470271275,2.4554138057140342,14.752925170112656
56.65840776374352,-0.1449467261682834,3.278255628065995
16.292594792563108,0.5772460209747496,13.849430751322847
34.25733917081236,-1.316902400075424,6.959569605244608
52.01372187877807,1.677994798558353,3.9319905389233
49.21440436299419,0.283599980903123,4.221151217860338
31.112186281955864,1.011702496628414,8.057340931629266
10.505708079368818,1.854387689201592,11.450809408489317
90.69609608790618,0.2261280156992399,0.8372535400402712
37.825304014612136,0.1868194637800161,6.2917474136604685
76.28938065021835,1.7067658131847443,1.3449698270034336
8.936471430140697,-1.7542249911391017,15.811255755775742
34.52251717454776,-0.3607276591495877,5.928883150642296
20.51382808667439,0.8518485347012751,10.98597003031087
31.994172036864622,-0.717837565362998,6.186386226361136
25.772847262539162,-1.929464009038379,10.07329754244885
16.701889829265795,-0.248055578991488,10.622800814769988
26.436155333092707,0.9918363541609057,9.2647186192305
11.971463824265383,1.6247628207444254,15.996499518150031
66.63693317820238,1.5621617466441229,2.4338564303103665
12.419861078399599,-0.5560542374942515,12.915363273627092
12.150121830486157,2.3078047785782814,11.749778657750614
23.941547261597446,2.113335807575264,9.4207333367872
27.9053023955417,-0.9458447433717972,8.425653838805568
25.38344931800312,-0.3188577602560997,9.327683228768946
10.544045545720197,-0.3754531014538658,11.287635357175942
37.64805426232611,1.3836009813034396,6.564923482547582
20.583271989562903,-0.6606587865792778,11.93939194335662
12.090026178004202,-1.993395403624025,13.762583712357722
29.4021755978369,-2.600027392046206,8.816677487019446
74.30137712337198,1.4074288424544528,1.962437876575313
178.5726225460381,2.765016077089381,0.0518948031491127
93.22030589343026,3.32685944157603,0.7188288954541096
25.74477020258814,-0.8068623185032513,10.116927303687769
13.451023226857277,1.8735702255147264,15.014162719919932
60.282053653968994,-0.1285219407620823,2.3519016583882166
5.072443069135252,0.8686883659305675,14.768913862729368
47.846032925287595,1.417455874372168,4.16874889636106
53.842950532580915,1.3328359680948283,3.758007901266408
22.179218121822665,2.6360705185077573,10.19537308167976
7.554369945228556,0.8415538760080271,14.060106075353564
15.0640066662972,1.025263948188514,14.303152370802149
16.08576656155201,-0.0385755004721948,12.601542197143846
2.5532275844533903,-0.2242080359216816,16.948816146981216
21.676331457752667,-3.1850601823888107,8.976122076207773
16.13949017092026,-0.0504447025988625,10.721035679515625
29.437555134472525,0.1548276989403419,8.23972179441304
30.61021049327351,0.7881655086727528,7.3514260395163555
20.32539234780749,-2.154386777185945,9.131514557195814
52.48619817746616,-0.5174757387933724,2.8955303167373705
21.910749772506804,-0.1732700746710222,7.945790216656473
27.319831812185694,-0.5795896082164366,8.279123150805237
5.4882071260420675,-0.8570469967637246,14.69358312069157
26.727427892210276,1.6036005804161777,8.239663980371178
52.66750505487261,-1.723498516229864,2.8447203533253944
26.84113709251273,0.5191856905748187,8.904653786283966
19.440324180848425,1.0067324941081612,8.558887595663945
13.001447082778734,-2.269343888613912,15.529035974147725
81.97034791146545,3.171630813355581,1.2538929818383076
51.21498922163445,1.4686503358136045,4.321657797142015
33.55386853961288,-4.137482679186924,7.501919891183982
73.5348916075137,2.262362725158628,1.849866645261266
34.659662605366805,-2.1177559897490585,5.488988070507452
26.88041465201158,-0.5338337736263093,8.907952859398394
9.32918490169142,0.3216218907281759,15.671709337095304
27.382912674938197,0.0070199834217631,9.066675018698252
22.3868860545354,-0.6843509954945258,10.336581675330258
11.881997596974854,0.9913751181452464,13.02445369243062
44.73375360806302,0.1984383861097846,3.7836179489751256
5.578428343785239,-0.1777213644150124,17.956678355971864
2.8321081923670466,-0.0903879351949737,16.14021991913762
60.08406343867376,-1.519068008352576,2.703337945487616
12.163861465254223,0.9771043932432504,13.855603317394978
35.424144480305046,-2.2276960452476207,5.653714146314496
6.425593154032285,-0.5669064323454128,13.30880505480778
99.58641616510273,-0.8959425476947049,0.8424756018378178
47.43428606225761,-1.5745564858182306,4.841611907099011
41.08650826434491,0.7750437853630974,4.715772825534631
23.172893032537665,0.8627340164235162,9.139937381503836
58.57071235611321,1.175258272088141,3.074488442807878
66.33911906484263,1.6582906970283608,2.241363551949926
5.71035008086662,-0.9843539030216534,14.57152740891979
31.69873882095084,2.566944774766489,7.57711811660304
7.902501706421271,-1.3647884300588682,16.436058280609032
34.87972902813925,0.6788929111785676,6.814122829761772
27.814952937524115,-0.6907652893060942,9.083005406316168
25.983150311076812,0.254139901493836,9.966479681626891
42.52566597461442,-0.070349734490073,4.805411494162921
20.668607296234505,-0.8040985852874614,10.251216699049255
47.21376077844573,-0.6188939760793426,4.200949271745524
16.792507504782403,-0.130563589675781,9.592347734884758
122.57616352235553,1.7941483925358086,0.3818523809299413
77.85142736858084,-1.0664687598323854,1.3264084979335988
6.242766356231892,1.1256410999131128,19.06729210370101
27.965242446980163,-0.7495116827948678,7.49547838943121
57.21682889595751,0.4270267583049496,3.153493534615212
51.62315768326023,-0.1281660798697776,3.781384335688812
21.156409850280756,2.782111052850288,11.045810613270287
18.001874672119886,-0.3220153715330855,11.160536860715126
31.10334340919295,-1.7063191582113908,5.769474913488065
63.487044117790845,2.0973270770155983,2.3252454801827707
56.774553556997446,-0.7522851839455651,3.263695266479758
5.085022255856371,-1.4489146408056024,18.00776539803105
32.05452115897039,-0.0522139343076277,6.837199027625112
3.9679509742572465,-0.2195329515280703,15.94336242066426
113.88613219755895,-0.0738455215039371,0.5053745476364462
34.19470496268513,1.1371465625288306,5.364475215395098
5.902226511790714,-3.087286102353604,16.601917195129253
52.99122489900834,-0.1638803051907777,3.2905159894113467
48.11617376070422,1.4995471702031589,3.581247511048747
44.33170794230499,1.2602772149584247,5.036939007464853
5.329191410583493,-1.784429810266953,17.097872053671594
5.196846368461676,0.9181565818975038,16.374286435553735
50.19851935270856,0.054581714540104,4.289910012062055
4.194195432055464,-0.4354474301614706,19.9512282132032
68.78509909035225,-0.07785756289375,1.6532882824123518
6.4626571993576025,2.869171469180672,13.111423272309938
81.14162578977972,-1.448660902915062,1.5847175271658351
29.07180168220635,0.0335579885335451,6.304577358691075
6.693530182908021,-2.368877335709605,18.14223307320909
21.83237477407831,1.0720192392418717,8.268709557290157
140.3445374217822,-0.815203747816905,0.1859826510652178
118.98683241235761,1.5174001650400992,0.354735797972553
59.45061623905718,0.5322993696686571,2.642824937593345
69.0794284626445,1.1779405586669145,1.9923581939238264
27.356112096795503,0.2218340616852834,7.816388181561717
38.974176320453594,-0.3379543725023691,6.105725430031673
37.887535392052776,-0.5375335269062267,4.874184711463777
39.214180168454256,-1.6401098986172542,4.560143884231961
1.9990424035020826,-1.8346413097616905,17.662318193067957
12.4104096687641,0.6503152101727819,13.5138039365431
15.86276254260286,0.7147502753140821,11.097971978008305
5.363110142990582,-1.0842903389798395,15.333337806645083
15.163380336178463,-0.7676000995226506,14.00056842199426
71.61110913433387,1.935732430672898,1.750344426691873
6.275712618720083,-0.2671484971583658,16.180189773428094
5.271198976674545,-1.438123089398234,13.938037195766055
10.11425785144236,0.6258075129107584,14.990150359162175
28.844518737586966,0.2393845055483789,9.019274047101996
16.954219487258918,0.6721718210547096,12.748009347300712
21.80685412650471,-1.399844687403307,11.502104648962264
6.323003192498097,2.3759866935791543,19.09749384155982
24.05097093516443,-1.5214805713832118,8.222929305687531
38.995759507895215,3.566029684903884,5.616865880488175
10.82455236721868,-1.9660844954143413,11.788823857137926
29.378330308231927,1.9401829840699831,7.648745665106413
37.43999293187567,-3.527137761934207,6.220110466300199
19.033733573542698,-1.1484665006031716,11.422423551310782
54.73081391992961,0.4353970978500443,3.398494624931708
13.687419221160484,-1.4758842338584668,13.764230749706998
49.950109643574166,4.101432729623845,3.6336658881071457
33.84703601547688,2.056302710474694,6.96838343402494
34.82745482136505,0.3583473795874751,6.3564599055219695
30.9423406305551,-1.369880316160788,7.89713342626548
32.37995194961056,-1.326835492081814,8.111178609314281
36.49789374306298,1.7103502969519415,6.523565454032232
102.68998391783288,-0.1979179861427334,0.6550748422777011
26.287706456501674,0.0924421304452278,8.577355134002833
22.1465528132573,-2.0000740465598663,9.561074744709511
12.816454377651327,1.6307381445037676,10.982770847149608
30.258086672455192,0.7236740892667056,6.249034478166329
14.252112148956433,-0.1774563739089526,10.978569521143434
25.753285749943494,-1.592702881051404,7.862429884687417
19.0201198109487,0.2403473466118733,8.975805457278996
57.647799345181674,-1.3489329168232114,3.4941130183558347
9.346509601431,-1.8077015450393972,12.655124989291634
27.215487642813052,1.052599757288612,7.054202323499885
33.51882338138305,-0.2811269907254954,5.311027123276683
31.02779755171323,0.6528751993809443,7.692038183704319
13.89021192090167,1.9000504519347805,14.142250783728356
2.9730695904469675,2.4407056108329765,16.852226578551573
19.871256384859667,1.814660317623418,11.808379407812131
27.230026639750427,-1.297715922624989,8.35011000168154
22.16623619404141,-1.5509003497981464,10.001491198613436
55.183940380316315,-0.3441208587915298,2.6501778491087844
4.941333696120148,-1.2125270827366863,15.642255549496808
8.773599023663639,-0.6241720886727575,12.766148044274985
15.54858949141948,-1.681685289982701,12.556378276371774
39.51698410979184,-3.936560272971682,5.335313647608494
6.4236502800165285,-5.09214445409122,15.82856732942746
2.387063928969531,-0.1317198396277958,20.799141533110006
103.10541572816146,0.1611934766050012,0.6420243772928541
37.98059369852777,-2.4771002633643366,4.697698822497348
8.098051067857206,1.4517399335479029,13.998784882256055
12.697613239217606,-0.8850763189022226,14.368873943517958
47.55221022467126,-0.2131269810049555,3.464528183410411
5.923480447679076,0.438840269778158,18.53488275439252
7.621682399617632,-2.758050028640868,15.80059676041665
144.4481773427158,2.259298841672096,0.1490333471402252
221.46760182688064,1.6944753850786651,0.0116902250804039
58.37594329170624,-4.447725192627538,2.5566257758554523
54.36583334009044,1.791115960471887,3.070777639122183
37.963996608271174,-0.6070920449164195,4.980034233859064
7.2617572725064425,-0.6694688265879272,14.763312914833588
15.988252567612324,-1.2873843532722216,10.748437600666076
19.092565785465535,-0.319947213002532,12.63898393979222
41.81909420394838,3.17965230921868,5.792903235039498
156.81934105348407,2.167471820880304,0.0913360361347173
69.13043978564436,0.0047956263625045,2.2052877397058386
37.19349766748286,2.3647638423359867,5.968223607720527
14.409175948626727,-1.4119746776406417,14.25302836445261
6.555880511918026,0.8443456061415505,14.6480778811891
84.60633391291935,-2.499857226497116,0.9546727861575904
51.23194040607776,2.693405738846562,3.960432018105778
18.726680138943934,-0.7256703674345152,10.861076620344788
10.177957505016277,-1.2121119438756778,12.603899168670091
13.694216226364105,0.6436042000766996,13.005486597703854
22.033329783018083,-1.2001305520600072,10.296106028460049
4.565666611897923,2.1282825656813964,14.594801710178576
61.39491850743267,1.537616076591425,2.067684427987857
95.83258796562286,0.6762275373889283,0.8689936386716981
18.688979376729044,2.189211180747219,9.757385783713325
43.59716163535164,-0.0035379927157033,4.050602693835642
16.965284617135225,1.4464909708684497,12.26778727911975
8.008261755485469,-1.3091404523840762,15.17227267644537
5.553253179562519,-1.9390317725943604,17.81682883844577
22.459119195298445,-0.9268233742922676,9.166242933316711
4.620269853037234,-2.604974335597434,16.343366360269325
50.0076364847099,1.0404692098635762,3.228390781262668
51.540106609369815,0.7804621110957071,3.0619010515944525
148.64252080258044,1.1501129688133147,0.1494576977831568
23.808328572404605,1.4421202789962744,9.507530277578995
14.753331918937306,-1.9422437061375009,10.208716836213885
10.156948782358455,1.2035119144156416,14.766630422610383
15.289930801926797,1.2689548057977271,10.942144093021726
6.670736244269902,-0.2983425728700354,16.65312918404464
37.47950479122923,0.4158394957249273,6.097331237546706
14.417471541399344,-2.259273557774862,12.415574335579969
52.74080525525264,-0.1418382186528432,4.074720603745876
21.087342853922152,0.4820759400343892,9.901179066306325
48.70592731462061,-4.071698659510433,4.628586566514024
14.106035951425525,-0.7313773749268879,12.83936503102061
29.08845200064025,-1.0405684909640909,8.40482793710032
0.8545124453989865,-2.321776180319177,17.589270340592673
4.75153259581646,2.4584330696235925,17.94833510292303
23.541830241742886,0.9817500006201196,9.861477666145875
4.205686709266713,-2.020932700628342,16.062047630364063
22.616224796404147,-0.4726412547481444,10.570438285778698
32.05607926853628,-1.6455573851318657,7.367778199082449
8.049905867780259,1.348632232200363,16.699816123708732
59.06549025125838,0.5952575889446372,2.740266578733064
30.0087519166824,0.2266658402780826,8.066547806034526
46.53316981782488,1.721102057280082,3.670092612007589
95.43982380045418,1.6049245697704726,0.9246305094322552
45.867351535198736,0.3895176971555779,3.934426893938397
72.63562145657609,0.6775743786205822,1.4419160002415616
55.59831021080888,-0.0750284673757213,3.230559332552464
5.442719852255206,0.5398003756266349,15.748288022296403
22.24365931455934,-1.3112283465365304,8.014928882112521
32.007992908271646,-0.5859642934895557,6.133676152419016
22.730854950147986,2.8766762727910797,9.269029494825917
15.298682384848817,0.8169272402720997,14.0818078035201
65.19747132623306,-3.140693354537013,2.2027341532031754
14.340949457023328,-1.0833484135182112,13.492684116859245
12.979250940335739,1.2788205948703593,15.062070108182732
14.08638404941085,0.6810878251256804,14.91389077870498
94.08381468804106,1.5230322071689837,0.9888857237817582
15.92072136964639,0.7041757669410753,9.448676504428049
11.593290850189238,-1.175565406650262,13.393303006182862
30.271705975450395,-0.4982819697528213,8.086329885630112
7.929164630302072,2.055775565067722,12.322995897593158
17.15714606578271,-1.484877487580457,10.59549606258804
54.904991899074695,2.640616225499508,3.409573341417396
63.210810328464,-2.568649286970076,2.0467037965572272
22.947657682276372,0.1296759372600701,11.157565823164076
37.795876232304465,1.7410261912877674,6.629961260012018
70.60462956224863,-2.312428214698908,2.261545133441893
3.164027723992863,-0.288574049476328,15.35965499651503
54.292265019077945,1.7321338430298452,3.881853404086339
9.618169214482318,0.8802436775467086,13.440189569604229
50.31996284096146,-0.745191782935376,3.3965171027561643
3.46141121868643,-2.3295492803458324,19.81599474490676
29.500517598648567,0.5033583334316947,7.201357721259276
39.74136788127511,0.744794786700418,4.695720870507726
11.916015913873727,-0.0713868495528551,14.444511669998825
58.49584321434457,0.7547927330404605,2.3226100308723474
55.649453332534,-0.3080540208332489,2.948556819117436
27.266419045804504,0.5792259097140164,7.286326572274337
143.2661387495008,1.4979883678342387,0.1854083673251719
11.724453432985333,0.2963258673180091,15.174806332232734
24.764487700168043,2.817569183431383,7.466425226778713
54.390506952769385,0.212076256097247,3.4332990442147544
39.41899371937855,-1.00907469315195,4.3469018740269485
13.6386408342868,-0.5740863882924201,12.406537013591674
6.150187794146309,2.333788193555308,13.312533262602486
19.460457948962553,-1.5843699942437035,10.763660906241338
57.47380341006386,-0.2899595654357577,2.5591318303275505
8.287349636158497,0.2249195217996964,13.836474744582
65.88669155662319,2.035118767143248,2.04213770726113
19.93064847491769,0.4501987081695877,8.484727125975446
20.64482014630252,0.6510652773470449,10.1537620304672
37.9904848611493,0.7597441550158563,6.302013215835851
140.34926664016493,0.281843692242352,0.184755181267451
76.63397336579975,-1.3865848130552465,1.485262624781455
17.252318681885896,-0.4423349242537465,12.507009455994051
25.668240191784676,0.9574793564111264,8.600569502773151
44.20873893580819,4.0521450437648605,4.869365051401647
17.770787374833418,-0.0100378558222365,12.906442492644764
11.096410015211196,1.055514073863498,15.459880185627338
22.284725061058516,-0.0239319998189329,10.829328802871393
11.79165925984346,-2.271063599516053,15.735291859425155
6.887580013261025,-1.492208488123324,18.74323376738477
46.993158167600654,-0.8935671550461078,4.813178993167689
22.18006845233761,-0.3741391338087405,9.512092566095198
6.575279723540544,0.1148631158388873,12.855277420919297
76.11800275222099,1.047862744954121,1.3478713499460064
39.81741139582392,2.5242987772330303,4.289793243554088
38.95894926792312,-1.4130338558768851,6.057107233107685
58.55666334220612,2.443613397024566,3.3421565936096056
15.637891339081623,-2.928651114338336,10.933754898573188
12.24846432437474,2.007031703503237,15.745778906478714
32.381512442942345,3.055576341937707,8.070346269208633
36.74513938187605,2.378698490212329,6.085178196502711
7.616297209933946,-1.140484155901032,16.685628914236506
18.936708665167732,-0.4849697480683093,10.177517433306814
171.71840022181146,-3.624614434486449,0.0531149809895322
28.916457943802758,3.4537904634815133,7.828199907808431
83.5481703682967,-1.8695023848462071,1.3558230278060637
18.982160509873545,0.9038517910056518,8.875167201336685
42.125245219030965,-0.1004780025451904,5.670994952700381
18.10286060762802,-0.1084719614355271,9.873928382102646
3.4362480270087583,1.131392584963185,17.021749371328564
42.965578951321135,3.0583687406906077,4.5440331784707935
24.22607156343182,-0.6013221705023921,8.845938387815268
60.751806785107405,-1.332831191579969,2.189603100482924
57.8249858843435,-1.858185172359021,2.6992014984957104
93.23988247835902,0.8182397231102003,0.9767485217264786
35.17896119985454,0.4117490401541129,5.183383149785474
27.201738884745183,-1.3015897501256497,9.506320077555772
16.434777980230116,-1.127953677597623,9.977994189801718
9.176131186285506,0.2684272325180952,16.037847617678473
40.81833685506122,0.936004276042943,4.681757379062542
17.294845571984197,1.8593307237560064,9.680203036789615
16.217132141816954,0.5994280950384825,10.6910503543099
32.6734400139316,-0.8091560971683984,5.8441284126258255
10.778789281177271,-0.5895621403228584,15.883468903971703
16.46977109961915,-1.3899699891260495,9.661578593279147
24.58827379953456,1.0440649704517613,10.170873312311665
16.96056949935415,-1.1052266601920824,10.118893430440664
9.700388990704816,0.3918351141654633,15.934851082128093
36.92903578063475,1.1819950404704886,6.939801428714629
30.760654526306688,0.7061388812084088,8.151248420850836
61.262373776770005,-1.6200834986251382,2.5690388869104157
67.25807042959926,0.9088678802881648,1.7671555998897623
81.4582316932411,-0.3939728847060625,1.4828225363624314
38.7943246609741,-1.7271076309228066,4.65455553957301
60.37141072249195,2.0150839845443844,3.00325809645106
6.799446984334446,3.8278443091130425,19.05808190545038
26.130869099401195,2.106945337416344,7.559777121181958
84.78489863826883,-0.0361544195287177,0.9795934084162924
16.351757232941175,-1.0650464385812008,11.402070059723648
69.73916533230427,0.8011779097175677,2.0526743065763986
22.981645858204075,-1.3580179679167497,9.62387129490745
56.64931713327626,0.7510961618398992,3.5409706786946296
28.64836612866267,0.9917538291469908,7.215987590421671
18.28905614614643,0.7300239858482076,10.808299352255258
28.94509178765559,1.1708269267799056,7.95213155481174
35.68968621912891,0.2808235875638208,7.034977517961118
24.762404519052165,0.1935362988546885,10.152445395890568
9.115112481473124,2.4748753727368795,13.596887975104396
10.386478355758953,-2.312169961896629,16.234754540397546
22.620139127134763,0.1218669891116434,9.195451623205662
57.616562613766405,-0.1895932740767522,2.564716501930299
15.81000855858674,1.54607790983105,12.945444296573486
46.371032493302486,1.868606938245654,3.6816935350903752
14.71493500723774,-2.0616517649174497,10.46163414338873
58.24448546673431,0.2639913771547142,3.2519999649875606
55.85087344637555,-0.2499959139492946,3.05403123950596
83.71480018865077,-0.3375307099238276,1.230336100380005
30.93065992452367,-1.1518928936586623,5.793477602299764
24.198388838777817,-0.778931284895749,9.237591511724906
13.805133237671967,-0.5225462290089739,14.6154622554114
43.90783559109833,-0.4606085768527157,4.004026019100723
42.22733615199596,-1.1392557694894954,5.593888765576809
33.904908617938126,-0.521192390284783,5.219498642132167
52.76115891244515,-1.0671978345808657,2.7685467697703894
72.79031424285729,-1.222421891576825,1.592157164893715
50.87836443734524,-1.6253794414487648,4.35382879237123
33.022765458687545,-1.2940545422966836,5.99245291629138
24.513575383989966,0.6716211644774427,9.980036424318484
20.611540338784895,1.437145052039322,11.442676308660255
19.27444462506866,1.0763882192299192,10.978581789666991
32.90195594747911,0.4239092376331957,7.054839611159105
60.81801006907537,0.3422670638201239,2.856298911995241
74.12368674138709,-0.2580142100076282,1.9606083332582915
57.215506312568394,0.8151009460931383,3.088798718265615
37.73798269024451,-1.0105820405779702,6.816029274418601
11.721188946653733,-2.174336611330842,12.926850191277746
2.1318157001808453,-0.508945190898559,20.3161888153616
11.369538089552695,-1.886866540679971,15.251347310855708
80.43751406753323,-0.8414096261039282,1.55615804527892
63.743342209913266,-1.5740114888399304,2.0046285117516143
11.303804549236645,-0.1481470935309205,11.981687554937352
36.200674045043705,2.722551868888947,5.000717505828114
20.926311397256107,-0.0467323328424365,9.284359694395896
10.79689533214467,-1.2839912741722332,15.915442429820208
33.51569930383857,1.326024106142763,5.421580144389685
69.53263757279683,-1.4777943145282642,2.2594620250260915
24.050913001999124,-0.1496181175201572,7.670013111352858
9.336750396800586,0.477196405693189,15.057712727183777
77.42071447978182,-1.262071534961574,1.6834092333918689
25.04360710945668,0.3446549315629947,7.557358272504365
37.35508919383609,1.1986397592700957,4.994595133462112
46.74183752288994,0.0355090610727664,4.654820324991465
5.347306085299519,-1.5987707887332363,19.849634658837022
14.694253377119734,-1.400244406540498,10.781418803525671
22.9647728058837,1.31776120200852,8.150782719554595
38.80639476454693,0.1168597524690167,4.934750292937933
37.89744221789489,-0.440329194480113,5.855245721024573
14.164297875712528,0.653653238647357,11.466451001715532
12.370910481668542,-0.2805267192359836,15.296638407906997
164.02528708535408,-2.000989463378703,0.097990941284311
25.87123971354847,1.376587193834841,8.116895954840338
14.273891331798605,3.378848248569258,10.594479628750625
42.01960986951321,-0.7715423441128606,5.2255048521249385
11.601737768703112,-0.4875494492109095,12.25846633163986
28.377445240732474,4.629774778098266,8.243555190296421
6.450057373475108,1.458990075705881,15.59380733700984
15.184378655184807,-1.6267769628921278,12.997604122598112
31.64417838693919,-0.4980281280527467,7.415610482937685
33.32182939443009,-0.2561718446125833,7.457507354061197
9.667917289646718,2.030153006911785,12.274507486242785
4.745726554053557,0.7839038757489869,15.45510446025134
23.342540352242192,0.6180894743468903,9.93318028655534
11.665710623671503,1.7032616136457426,15.905305058061137
12.055075542136763,0.4305503724736676,14.300516218340745
72.02356789436301,1.1382773570056972,1.5156730036149055
27.933960562582655,-1.9183297118697291,6.625071687284804
10.622119080231043,0.5302514990691328,13.835939367280718
4.114499218984469,4.458539318172266,14.22454572257067
17.00605767955998,0.4137914876276803,9.507926085899577
42.82470387364002,-1.2313622296835791,5.473791211736445
35.540519843527775,0.67577429221825,6.414886687986616
63.7169867144131,1.2386561776066989,2.692557701480432
7.6448159892902705,-3.118356018078526,14.792398250507269
65.09288435443773,2.24242492124272,2.420085780414763
48.12529819404196,1.7553276324789049,4.732782406962412
7.898525220796611,1.5098391569179106,15.928419340771647
51.012962655289115,-0.4125645654129055,3.445528197869413
6.644601697943749,-0.8542498092096936,18.19675738596488
109.45484159302599,2.2999539324408618,0.502131278258275
2.9283130764055314,2.469500631796,16.792150711351994
40.877283912628165,-1.121056580890038,5.253153990003393
119.90025571542692,-2.304057455325253,0.3437608025972022
27.632960394325405,-0.2050578957616777,7.160934085079287
18.36757076281624,-0.6390202912308709,10.343275238982772
55.07723767286796,-4.156719645827408,3.372313816041974
14.568331566472986,-1.5959419134624215,14.038531690509464
62.450128379735844,1.555371842785413,2.9635307702963174
2.8095625463756293,0.7908434090178491,19.256027792477905
23.567889070489965,0.1564944825959621,8.927682788907589
61.2238685907912,1.6555386974626811,2.202188963517932
23.295250105988,-0.3982782795607211,9.410434588164016
0.48156830403908857,-0.5733522361719372,20.501868927455963
30.11260899771055,-0.6012133860236324,7.832787327834549
92.34342355569034,1.6832638369303676,0.7567294512767616
12.40102295423882,-1.8443214338691565,13.086225038572763
38.40775554306147,0.5426176659789419,4.701003329657945
51.584975008105836,0.2420651617664913,4.248765152770085
14.049205854956977,1.349254066328335,13.5334238684347
7.714771733218545,0.4238553091069921,16.835460346629574
8.112742483606821,0.7080965284195736,13.353733003947402
87.4736522922643,-1.2963727279762465,1.1771584023037398
6.096989214068042,1.033298536835486,19.10708049348364
57.49986023880941,-2.188518486308176,3.1284112827294748
94.56004089678959,-1.3660514053107973,0.8549282406500137
31.799989752229713,3.3480052965326026,6.881811994143799
34.000423210329686,1.0547084272199534,5.607667563116185
28.37219712492855,-0.0961282911730031,8.080252070423702
67.79656476360759,-0.7804334285727346,1.9909535854573583
118.21926820016873,2.196221228264909,0.4607967757637553
108.70758227263254,-1.281944795533658,0.4554630037569041
17.744525808621095,-0.7698596665454165,11.962328452919236
65.35718030067635,-2.370108230380902,2.6584700171270845
31.754292480799137,0.6373167996186591,6.510236043259211
53.3821094437056,1.9993951775689367,3.5773780084251645
97.28251475107483,-2.308714985814733,0.6609596087775041
16.300139421660507,-0.0564898233035405,11.944342719038223
42.209065215660466,-2.162725627280013,4.478305603227621
64.63785923057713,1.233994371013751,2.3400864590567414
1.8830168870894304,1.3658395142007564,20.662955363017744
6.952701173101529,1.7683132192651183,14.280062843327242
61.86562989815183,-0.4574692577857142,2.0676758028583717
51.00508650297199,-1.168172863897383,4.190831857139345
44.473068285529905,1.6319799406837974,4.0649757268286
54.03481920367879,-1.85483873755658,3.0216439327635363
48.46166530303476,1.3297096671023476,4.733066230828932
15.263724425834248,-0.6619684538469529,9.681913961886362
18.889803548271495,-1.8991325447535243,12.06190692090218
78.83558081790767,-1.7960591627818605,1.5299799778983028
49.691926115551425,-1.953116481269551,4.525289206870237
11.42833765027549,-0.5889906914186321,14.662678163794885
8.577495906827055,0.8300098510802325,14.59679540829616
25.095088833277316,1.5989452112215636,8.955534945862611
9.672725758610333,-1.1438351835110312,12.480984100547431
11.94710094304211,2.0633121411461244,15.752827292040356
32.93390062578538,-0.9159294771721902,6.293359013282426
47.89126884152818,-1.481886485411578,3.5986400104024154
8.784098364975467,1.6184707877870983,15.144458881293192
4.14352089454141,0.7390651034229647,15.4225867177902
19.083651970907297,-0.6753595482806669,10.715982135082038
179.4724270144823,0.8080872598629709,0.0601647169150637
12.008240074983865,-0.7944770926925175,14.012280647586806
45.07534710609318,-1.422589804724052,4.776453442217201
14.049033184030543,3.120238462197232,12.722829046566291
22.0877314884518,-1.820714884627308,10.812126474329157
14.322306026526658,0.5307694352297236,14.384472892982616
10.021477013649951,-1.5402414430315177,16.88779432357051
5.532659229314179,1.7941296940165214,13.740920145979585
40.717228263582406,-0.5056780006406248,5.898816846149977
22.62612821075419,1.4800859374185482,11.199763080087964
49.97744846742849,1.132170031731513,4.445318476177051
43.23323648556383,0.9456186383402552,3.9523520109155057
9.57849524049207,1.3682804071575458,14.871059191528754
28.12270319743295,0.1624643857030458,8.240693925760862
17.108380109443136,1.149070873265848,12.0911695244236
30.0129801908453,-1.3127080464459957,7.60624451929004
36.58431181397468,-1.6159891611937565,6.919201586481786
3.818421939189022,0.291830039775488,19.478292170238102
19.783890667505293,-1.236351082234982,11.007495741562042
21.75254320141422,-0.7943926473518148,10.838205403902636
39.78273152279461,-0.1695547961533884,4.5542413587864665
40.46412140182406,2.291507335696426,4.927577415608682
93.58458512469373,-1.3713948553668307,0.9030610605869552
7.797277269410976,2.0203348214182086,18.1798349360479
17.799493490945324,0.0638707372464174,12.83348755880126
16.23391659126806,-1.8440988289115656,10.062955863870116
16.48559219861745,1.1276043287855926,10.132994054648586
15.535324358320263,0.9005225491166062,13.97693289359897
158.18009761593592,-2.79179956104361,0.1046361113700444
16.767945623533443,0.6218317113442245,11.377796092528053
12.73851569866604,0.2801224985552657,13.89386169198112
5.074376393328688,-2.35381239625462,16.554323663988626
30.564225257341604,-2.196938751194274,7.463603797509316
27.806140284412205,-0.8619736195547822,6.34794035701067
9.729953045094202,0.984013200150311,15.847323428285636
23.789654496559322,0.4321372505528122,10.41772826809808
20.865860051844813,-0.6798996562366089,9.199951503780987
33.28614825220507,0.9213913541957292,7.540398404457988
8.392390033473877,1.830172704182081,13.68759924821093
65.32924233540491,0.5267107710740476,2.27267618339224
5.310793440929088,0.2744974622384019,16.11935795687415
30.671097574022674,1.5799840091009536,8.630132683534315
26.628336125674146,-1.0549423906220476,7.790884865442567
9.300782711893595,0.3381944843943918,14.46144309611386
23.953140611646724,-2.414897272905194,9.008429818753497
37.36161856639305,1.570073517591165,4.987147849590747
24.609780830436737,-2.2196735686947884,7.675613279681338
95.76636801182642,-2.1185072948543824,0.8161962141157773
14.566949782569218,-3.3111901103751844,12.246153435558798
3.1059510183141157,-0.3025938957119347,20.9739502894243
16.618647207994115,0.3245300754772914,11.284929366014918
7.509033824805112,1.3177321351315063,15.704447784142149
62.10168294045081,-0.1615095166779094,2.284658291296402
25.853902110371433,1.005747034670705,8.966206947849573
57.774905310924964,1.9391174136584748,2.770888792457105
81.4471278599777,-1.3921130147858092,1.3172665295628254
24.37414757243081,-0.1437096586054897,8.881719820804536
9.645501632822494,0.3038768586845288,12.827657384469788
8.456077182710803,0.5183205685720582,16.398863591842872
10.147526662886401,0.337351806281529,14.154896099586164
20.73255489134495,2.71796671205943,8.662829541534892
58.01904040032437,0.441067872973711,2.499534122767446
29.990225980304935,0.0626206873510601,7.572746742742197
17.604959542782925,-0.0490263163711687,11.563734501015016
24.970181865572485,0.9438387887483626,9.464685709953494
35.500610533367215,-0.1325297959416044,7.332299541226682
61.52553590226103,0.6211754843401633,2.912452529771612
28.555448220951945,0.7691300500189447,8.21356727601047
15.657143679504017,-2.6713995735901497,11.120926469580464
20.559411920552208,-0.913068945324262,8.500609421924112
16.59850973474966,-0.5842588591624998,11.521224090574448
19.561284242639594,0.3982714571573192,10.89786092070412
8.853902713114739,0.5450073426164751,14.908521772008324
8.37552897903494,-0.7877747484946156,17.109910786880558
75.63714295058057,0.0882693080238549,1.7031391890367835
25.92027381945773,-0.3067920012468309,7.517274170998048
56.4228348234267,0.3251515452036883,2.9046133109311545
32.64366174078928,-0.1372714330179786,5.652902050030314
7.554281442244557,-2.536165137853519,13.884317532086737
61.40790124978514,-0.6369170271295685,2.2613589054987946
44.83781551435042,3.002642910967924,4.626758938044048
9.581091118981398,2.184780688450697,13.46200077249522
14.335981847254397,0.0988228190356933,13.154049207012736
11.051849859375515,0.9648300899891472,12.594660583061334
41.271779073375455,-1.24422388343776,4.877734686633712
49.992343076129515,-1.4337134398895048,3.4063381830236024
13.097433179913168,0.1585774382471427,13.987235738832457
46.81741737255155,1.3491025741906304,4.110555487424842
36.93287085107308,-1.7392768652401118,5.172486852642535
21.323886947249974,-1.000755029221565,10.637747033482874
21.957987944237594,1.6116885067330848,7.716011726522153
5.723218242945172,2.091616139278657,13.644717193204464
7.939128499712651,2.708016027468983,12.511557319565314
18.23146206808558,2.059723732950271,11.81378602381641
41.867376280538444,-0.2019099059818581,5.588329054004476
36.02226019255807,-0.9337377966988198,6.7511602196098135
10.277378743609852,0.3766871516661161,14.763930915193718
21.94219864073047,0.105045864609986,8.620808444985585
0.8651996594963406,0.90810007299609,23.29298696019151
49.789672495830345,-0.9078523399884384,3.831086859795703
40.41496951330341,1.199266215641464,4.347145017290479
12.18223396906781,1.6002533624516158,15.79457340516297
14.371603189225347,-2.92106699574474,10.873773752456245
82.26935110586197,-1.0400476577771152,1.0856088747850374
3.9966704618701883,-0.5291631730157993,20.63548454144544
57.114926941803006,2.95286586757229,3.06920621034275
52.459056828455346,-0.8236013806026001,3.568161735168826
47.15627955723182,0.1795155344018185,4.087852315449914
26.655290021204497,-3.820245463037853,6.962831224678129
7.747497366518331,-3.213694838962448,13.779223117508286
26.93734309978673,-3.5840170242281326,8.202187016793635
0.7812392482626088,0.5594519162834048,20.83976072231861
52.018976593001014,-0.9854646926691456,4.141071195059473
20.98695298421907,-1.9259243434204047,11.713057239208087
46.51146186348868,2.53055016799835,4.241639493312537
7.840069081519044,-0.2784600153138066,13.569437248084268
13.437774283144957,-3.0330516071196376,11.020622935489804
8.829282244890623,1.9742252809144545,15.579369249156288
47.247455187196174,-1.0823025704874183,3.3823980411901946
40.87076464938518,-1.2682195528587892,5.934355093244622
64.2984715308101,-1.200986084212998,2.7998227097426795
78.60855312903253,-0.200952820710623,1.1960418950295393
51.42732970119846,1.0439272271220317,3.660733709596938
21.903946645364105,-1.79351264605441,11.473735086886435
39.02573688622836,1.414495861020087,5.85813515394836
2.3251567939286226,0.4829747207563076,19.34338257523585
12.997625940932348,1.9186722769687472,11.604410358675922
22.5760488846785,-1.0853531346578804,8.332303991048091
38.5190729457044,-0.9338890224200116,6.32372360225447
14.128534100405425,0.3391426874133659,11.132280829955224
4.729678967720856,0.7194147913874818,15.277589187488504
32.96955961812091,-0.6171645159077543,5.729990284617532
50.117283122192546,0.5731430976264003,3.762167623804749
168.89983523376887,1.058074716575219,0.0799634556148985
14.830975899346441,-1.4681167161802553,12.5301610572685
23.650124834680398,-0.1926342357204772,9.00667743530537
32.804263660627946,-0.4914321112915012,6.257813693773256
14.923850628953971,-3.2296507627502145,9.825645389782276
13.978124498192392,-1.2869329208962954,14.875947770153266
7.614326417570218,-1.928764314371715,17.256567039677247
18.752145883693753,-0.996447767418434,10.650913758747135
41.702065818918015,1.1299750245589033,5.243595034687367
5.611357282114369,-0.939200535224156,18.62990430184636
21.796076992064993,-1.3256305014669192,8.01330553223482
6.597362428150532,-1.4344822084210795,14.87601456015641
11.914184441434097,-0.23640656921599,13.148472906772277
61.84710681528825,2.144754982339053,2.633567012609618
101.14338495268467,-0.8199727158200223,0.7493723331517926
46.6469146896438,0.4919871631206008,4.56333742238997
2.833149519073655,0.3487837922233723,20.954195589780184
23.984588602241658,0.606254046351693,8.620804707785629
44.288346782359554,1.0139253531717651,4.852747046354277
66.85865945349333,0.5846926347976575,1.935938077589093
19.14639953825925,-0.5574527164151749,8.572504861583164
42.52284849194325,-0.5679228554680567,4.507848017765429
20.98688665390008,1.847787557572088,9.716838921960468
110.72285982755425,-0.2928804342446347,0.4345884272732522
31.458469086641397,-1.449264266663162,7.0742172658001286
32.463115419003046,-1.5638092806543016,6.3633013146616895
25.551050377783262,0.5459305081868537,7.713864493093164
10.854227146985204,-1.5251612629479916,15.685412476736683
56.547442553017795,-0.939124390745722,3.549566042898493
91.3413710363439,1.4029229979327489,0.7652384917892423
16.92270832596025,-0.2898190028565361,10.802499463885187
20.028583152373972,1.048453596968914,9.826686657103334
7.7245521990160455,-0.1205297834036817,13.994146273894923
17.827171856077353,-1.4858549829963053,12.20781253598865
73.89827768917937,0.8065220526278798,1.868603158699784
52.29724905159778,-2.1313630104362065,3.9937870566302256
10.849858107358376,-0.5257234861677417,12.660654835919894
30.28569438598061,2.0693890322792603,5.886823532474355
2.066631359751049,-0.9390166256724256,16.945105503956764
44.17199435160947,-0.2097139120853913,4.097195990106279
6.766464696123681,-1.371064590153804,17.873516641639714
189.01004894640872,0.0553399436556327,0.0409935186110977
12.313811177342549,2.0472633397508924,14.729719267884576
5.397597882684424,-3.0724516374929123,14.649756327218748
55.91778219811961,1.1546515202618446,3.433887947170561
15.964074013673036,-2.56798609343098,11.478968623654136
47.50880876584885,1.6304523751125193,4.1392947122922426
123.91633411091584,0.3484585410567727,0.3448147027202641
11.439270389815443,-0.9362177715491014,16.049288015376078
23.537566203836025,1.894064016832018,9.631838871941811
7.874629843013457,2.277225142182349,13.001032285786389
32.025972814505714,-1.9444496438757215,5.962078226494236
9.737912177332944,1.933288120026792,11.80792529910788
49.12587486996785,1.8074848954373568,4.038874032566953
14.407001015214004,0.743524410654227,12.959966795766968
109.14487566282756,0.4684536844284104,0.5523409976138735
9.687358085639485,-1.4341657299520956,12.313432306018829
27.942969871318205,-1.8387530036219957,8.789301128212701
43.47543853525979,0.5510870173661312,5.050678517535262
14.026418225610195,-1.5149929097140444,14.528959709348849
25.895992260269068,-1.1580553807036271,7.389358911386551
8.332937170903822,0.4796822091607495,16.557814990689693
13.703955891887164,1.6271853671772538,10.481887404776998
6.806024414528821,-2.901288461281795,14.431592900699725
16.10635954494845,2.1383943167806585,10.220783192921717
10.285506592938026,0.0096716326802696,15.762100133741937
12.0565591871407,-0.3982771668161637,12.77894880240796
25.715807627862922,-2.161813005944465,8.661749806490018
29.068237031513736,-0.9456723871308276,7.660126195436578
11.085121467211069,1.927290243266481,11.77470384743876
62.54355919673281,0.5127601881328369,2.557309940143476
59.65507873064307,1.651199980370905,2.766284874050796
40.907308263873006,-0.0534530932118688,4.236914622930614
81.0390133552876,1.4318989803799194,1.3377486728578505
66.46796045248072,2.362397661942145,2.2323979875448074
86.2257259742893,1.297904257604732,1.0700951603878677
37.18215735280471,0.5263611087985992,4.795952766103268
25.334247265199494,-1.0551881090640514,10.17927821492222
4.115219310038453,-0.2870529068537869,17.619048252130188
13.48950628522563,-1.8251394771264,11.11850154771354
46.58149493766116,-0.6101355682421926,3.992922063666303
23.886332333648813,0.3598786275642454,10.402028548679048
7.533553366815271,0.6437571247394134,13.431285545327423
196.6947827917934,1.3769480943788113,0.0267385907565381
13.680725021802562,1.3271431370541826,14.015487683456575
23.365256631568656,-0.0712557951870217,9.576783521939936
37.87298599169507,0.574238078305523,5.102622544176939
100.79791890625744,2.4900997370179336,0.6661547004039946
42.5181405211454,2.007318569694309,5.804213202649294
12.565041083348374,-0.2157845148332077,11.6926862591427
63.93145882998333,2.760773559723395,2.161480918926841
28.26373376754946,0.3787922554004941,9.124169497201262
5.787303638166385,1.3670136345083268,15.61434074676
27.50569681641876,0.3303383160561167,8.990349120934418
9.518488900738214,-2.7108049149401263,15.864849887123242
48.18637632090344,1.9747701446939887,4.535734237634609
39.618527469935024,-2.9056882996779723,4.913094794369091
43.66129065427941,-1.5089776398910535,3.879478708001798
10.221635914621567,0.181649944959327,13.750147370911789
70.90313805580448,-1.375216291914692,1.676204835378245
39.24614266523467,-0.1820893994095422,5.151982903508072
11.116225842212044,-0.1363620300869126,14.027744174640198
5.11995177738961,-1.0594441650068918,18.424036738880325
17.92048864302821,-0.0159879753764595,11.424148178665886
23.586563979715525,0.2165286649484203,7.770790643828198
6.8211856070450345,1.221862009507272,13.060238363035666
22.71659514988808,1.5237222852142476,7.992629511979604
8.44320247863119,0.9021478466318013,15.020633226333086
38.34075107848807,0.6894872707806979,5.006198342073716
9.728005111459764,1.9574415733083537,13.43967757850645
80.11946520595534,1.8934532667877704,1.3001604882562212
16.107964837146753,1.1948682491387992,9.465819050266736
34.013566835375315,2.0697121235561307,6.287473939886236
4.957925122674171,-0.1609022021182084,19.11103258211372
16.261101988477304,-1.7727376460306807,9.82781049888532
16.556306825619924,1.7992033301542705,13.483278689773789
66.83758485738086,0.106402971893387,1.8199617677400688
18.053522837036486,-0.2256247057850395,9.68135325652978
24.662532180257116,0.5225750612430217,8.730610043475636
40.03346451427127,1.7494281542386316,5.684728484393618
0.7790688839236286,-1.919619174951236,16.917473765175437
17.806775146699806,-1.103017833038056,11.568427071929491
4.096774859661511,-0.1093243633470011,15.851106429126904
62.72863259928301,-0.1603406609465267,2.831495239056667
1.8922979328765366,1.4607320199898408,17.8813811323623
113.19049061830727,-1.607139350439137,0.4257222327682334
63.94321623049209,-0.9446448318499858,2.333439647946704
78.36153657915635,-0.1898190352585017,1.319378532965926
23.467356265225497,-0.7518416984324963,8.586923022752064
17.91914059682259,1.2977743586013262,9.844539962956857
119.75106172836941,-2.741875505851594,0.4253131290613524
74.76128627162979,-0.021560256958564,1.3433564830548363
35.65999066681425,-0.1622630317723445,6.474990685622327
5.164726699218927,0.8450197040499516,19.939004900628767
29.811746348260428,-0.7594342178511526,6.37549901657798
117.76382670826413,-0.7644572293073062,0.3677109514784515
27.339279122897914,0.2198780761205084,9.00508281542712
61.391138789508744,0.7892492550981658,2.7960915872060315
40.86011045373894,3.26785205467789,4.395795238092792
93.55662381079964,3.7185263696865984,0.8198571166374122
26.35929789134616,0.7140745817329165,9.568370436721391
46.2073586939111,-0.2389736431404696,4.938355315253666
29.608117824134617,-1.3769487763208712,8.629519802929329
82.80366581404952,0.8587220121385502,1.4069852846318915
8.120895856786426,1.0137651016439215,13.834172229298732
26.426257506385685,2.332472900894949,7.400489252511109
38.11987121357134,-1.4514022650181668,5.618132440504628
34.06850781841837,1.771116624468808,6.100579758127481
58.416306107073005,-0.8147303997836326,2.3195305836083784
43.461921522248964,0.0438330803990563,4.264941260067419
23.07363769418999,-0.2143823324896858,7.659913094726837
99.77356030556625,-4.466439199466071,0.8244550797600015
21.613993017053197,-0.7522203799619565,9.360227651929932
7.928176470152479,1.4787121332668791,14.620529654801432
15.762773139382444,-1.8887913302557453,11.945422237332364
70.30218524300463,-1.5928639610396895,1.935860269010615
45.42987647614184,0.2054499041610824,4.432023600105997
21.749464600000884,-0.3909324648840068,9.91023614338334
23.49872827186067,-0.3250769642879939,8.765313553151913
19.68636266543313,-0.3490110069615952,10.21582798219719
20.107819570956693,-0.3807265626168828,8.767333584724849
56.14456385114258,-0.3278042928190728,3.3520113620603937
9.558628402742253,0.6348194449108381,12.4215252210635
19.007756710945202,-3.478272311978339,9.250336992029233
29.80297793579151,-0.2343654706814619,6.665705066871574
47.186675420969124,-0.9798466600908348,4.6409359977396525
40.999055615496545,0.5270148199395925,4.81971306025596
24.68186146226887,0.517460781751537,9.807394489412165
23.897774805184106,1.3910885259069334,9.98484186130966
77.16655230103225,-0.4543714826983697,1.624780411338129
11.103533657054937,0.6395300351561255,13.36873034299185
18.429669225490294,-0.6912422711140405,10.587550607704593
30.674904052278716,0.5891201581200224,7.546589995134388
11.823538461668765,0.5364234471752782,15.402647395315428
24.883319052918747,3.1034045783154047,9.035995463390298
22.01086987154432,0.112180304451517,7.9870991569865
32.33122339860086,0.0627239384692629,6.964204143059955
52.5831761122532,1.8875499069243653,2.97821888749364
37.27487416173146,2.8637161505566806,6.553835177786109
23.286276559166378,0.6727110417553924,7.5428455034233
20.90685973627202,0.9759918322932896,10.72577727954942
34.85329009479025,2.0161892726462387,5.451035324312165
18.716446710356394,-3.054354072069128,9.856807304741787
16.174651115996333,-1.6534033281775813,9.647581548422368
17.4455506556123,-1.1864157934598136,12.051391984809388
13.36731498613414,-0.3893760179999407,12.935368621716217
42.24664783806642,-0.5501100447540062,5.143919576911124
134.02912868989765,-0.4671771248222875,0.2468053570409474
86.18706960555976,1.2296825137160778,1.047694156833228
48.87391520297032,-0.1062806479974927,3.692725270722797
9.164399239491384,-1.6777495788733805,14.691213246437623
10.650564396795891,-0.6966063164261705,15.19322872647002
121.1776403589552,0.3305230174914346,0.2983834247267056
64.56633015525324,0.003283257862602,2.788503588952389
21.10887377583387,-0.966394107305396,7.961300267132933
8.392686978128836,1.6627526585494317,16.874388096594032
11.065971418232156,-1.3260515449089234,14.858436047394246
18.971380277212685,-0.0557696662438599,11.119564095083565
2.9484628805157174,0.6053031164766526,19.378490050875868
82.34546031258495,1.1996734320430344,1.360035069440949
23.55398916228248,-2.206894028610734,8.519583212113698
48.64456000875458,-2.268778948960282,4.335586890839763
55.968878962807864,-0.7353207005820599,3.140415509577785
12.789509818254857,2.2952441604863925,14.622742157711816
67.33130288953639,-2.402485093729463,1.7223305049616455
128.27290286564863,3.1543526201965806,0.31610808278642
35.38504359705911,-1.5508539797452303,6.767291406617268
38.53850897508106,1.2901128818734562,4.498131661265406
19.03293338836222,-1.10481167741522,12.516677118800128
9.105702236665186,0.020449675179038,12.47420606532417
49.03860604961841,0.5763589009553967,3.159326367418789
23.238113480163744,-3.267179570769751,8.075509435108847
84.63775615221938,-0.2011290883718778,1.020739526070641
70.25842573110683,-1.8156403014688616,2.259698080539005
36.95192821006334,1.6187327971702543,6.33452789055902
22.186580659199564,1.7838476417284197,11.19747925427805
37.99658406560172,-0.5311706734509799,4.612839995834635
27.43433761819993,-0.3575179420783643,7.413365418571718
27.786013769283983,-1.2048537863157414,6.946961321215031
11.637908032611499,2.9273347070702918,13.24958764977648
3.831894299338324,0.7091525073649849,18.46744495511237
22.807140754370707,0.9673552941240712,8.791226305216858
13.168370973039867,1.474948948028912,11.578193319235186
6.967290730960233,1.818842259263397,14.83234644644157
23.217889367714463,1.1577484259761317,7.769980135430375
4.438723607395023,1.2340261862210364,15.034421505674906
33.208525641950146,-2.3821329523210317,6.918905934691878
19.741649994065405,-1.570264450402449,11.239161370186244
40.38676860636579,-3.9566159325293504,5.1329974342386935
12.619083614286215,-0.8449444363261849,15.337219776438545
25.14201191515905,-2.190201736201419,8.531175420110333
9.173713547742974,0.6276040991083234,16.858516428377982
34.80051795171463,1.277797456668185,6.683862949480299
57.347963921646496,-0.779047353747744,2.9016220245577657
4.014387381465989,-1.3791600654507343,15.191333545973658
48.460242334922874,0.2154683747202206,3.3837950921266797
5.230374906066905,1.1027251496606107,17.804448040624347
50.973141910729126,-2.4401030181215666,3.51185956802797
34.23202291339244,-1.370756628035091,6.092611872654408
20.905720171807815,-1.3014790317782,10.325500398442362
49.95003860986618,-2.4245687048490465,3.384471700104203
33.00115076922303,1.042813267159133,7.80449765549183
28.720674256997604,-2.00189464430355,7.847321642274347
52.75201702922852,0.1685643720152136,4.074868787716473
9.542135872330757,2.133821149629352,13.846232465769724
25.85053407471632,1.7370839092576251,7.065163317026506
56.00841267466892,2.462081895064648,2.473746490072101
5.568201750469207,-2.1092046608810047,16.819692426801083
20.54896446549516,-0.8735515951182373,9.342516678695976
37.559381564315544,-0.4655578478417859,5.271672336163545
88.22704477222197,-3.91512385218102,0.8828173974823518
21.740964567792584,1.7022035752220446,9.318101030843932
8.073860322780936,-0.3946590323797193,12.54945216747681
45.051446283764584,1.384866952737432,4.20413330484002
65.30901189667811,0.7300158160001798,2.1717909745494404
13.900095948719235,-0.8209465786776873,11.987481100340627
24.674240672661586,-0.8896670002247505,8.381242518367262
86.6632856305262,-1.4515499174185558,0.9589810307934536
179.59328557346626,-0.3877679445767896,0.0405171105306831
41.66729077661292,-0.7060415173216843,4.860741144275772
141.50327580194352,1.8535176666053013,0.1757331476511433
51.30387090603631,1.090883504083441,3.509362417295609
8.935717132001113,-1.897682878776884,13.988778629208388
10.805095596955159,-0.1123897972287261,14.386089565141052
58.92636063006328,0.1472300217225738,2.857131990764725
32.85402946300387,1.764389933834316,6.872258890051789
42.475396979785046,1.3026851027116892,4.159420606005773
59.970033060305994,1.1220364404819887,3.2335932568685197
56.30264480660229,-0.590832609132351,2.557696711622028
25.953337397412604,0.1323149402529502,9.970776065449854
4.3124324598882655,-1.7910074073794302,14.22336414436198
20.164363475657595,-1.9980429538210096,10.08507054786863
24.29639200194789,-2.395036332844584,10.537575027060235
49.72467786773679,0.4688603930524394,3.103741750893667
81.01295403550611,-0.0087278926823743,1.1078306360750063
20.151885970842685,-2.416967785018265,8.384138761036747
140.96013481040063,0.7591124863468598,0.1517295466085456
30.666083813177366,-1.9568575298268196,6.5565872766561375
4.337057735977012,-0.5729685970261287,14.618603695862843
10.236742387713889,2.907042894582084,12.233923288249356
23.785903996871298,0.4149487738656898,8.996341033887562
58.092116667992215,-1.0910609401643772,2.703115330799695
3.482386716603271,2.1419830110951668,17.77922626214565
158.8325579303429,2.763946180625279,0.0898675883956083
24.032554921188016,-0.670053761246311,8.420540922491622
37.88092768414619,-0.7852778572757966,4.788747058980126
12.35834926331637,-1.0218283179893608,14.584800781452293
25.20058753806431,0.7547856797634676,9.344131889181911
19.366936963472966,1.8558350590763852,12.279497557277857
23.544535390616243,2.39718463609472,10.809315415992277
39.526509787770756,3.2417255003613232,6.333103158509926
29.465451502823164,0.8544638372539158,8.563477391347995
17.549122506115673,-0.0731136258895796,10.657317945785588
51.4174454751493,0.678357500285747,3.94089192743085
32.51515004464083,0.461601610729121,5.899631256618745
29.382435430578578,1.280271786991322,8.507095306681205
3.313437087725018,0.5743587243462871,15.898708567096962
11.06546414113127,0.4047385961848257,11.195596034082037
11.916368735515535,2.031474964328506,15.866344313877
36.64649534476745,-0.826467648415558,4.999295428502631
69.7380274988642,1.5018194483613638,2.008153623670453
113.805172892859,1.5974088086230438,0.485574034911833
13.855536805384546,-3.4433381119031146,14.733098839160531
12.489017221047783,0.7253735982945537,15.317875834949628
44.45908673362415,-0.396837925842689,5.0474408086646605
16.499054922830474,0.7985327544517192,9.508703113786057
96.822956939808,-0.1487576914432863,0.9291635168801122
29.254251849770906,1.609868299654422,7.518813944466858
9.814918439165709,0.1234846967994257,16.799126874471455
38.245249058455464,-1.0457191768887433,4.634637135883676
36.7545726347101,-0.0061073315944648,5.049170263244959
44.18487805226644,1.6299271176285537,4.887438862087008
13.569332652936573,-1.0037968324113442,12.801412708236644
87.7312795554994,-3.093018698476698,1.04649509838817
59.6304755143138,0.5083125294571132,2.1958265135697084
100.99300226701087,-2.581984174594301,0.6852987176017951
30.853366043877113,1.2982746951884534,6.866955693076488
45.96188014241646,-0.5614050956418195,3.614169210978718
26.025028480072177,0.595948104779428,9.295463633874094
32.27772677054288,-0.1493248952685735,5.563009386647139
25.882241752938747,0.8384138777921066,8.881039324383297
13.797402801897132,2.1572190476450337,13.297455716168102
46.23765647727574,0.6265900493057162,4.44144949674642
20.480547101551853,0.7568647223647291,10.269086146164572
14.016306390506209,-2.779475728029968,15.021069688372398
1.420819627111361,-0.6018791713015209,21.27060220027268
6.815560420246244,2.0047970088600486,15.67010679210757
44.370875298075966,1.8401088336132745,3.9172638194331175
26.74168850225991,0.3661670566418644,8.70638252148649
31.621807171280576,-0.1871055255953266,5.70401915616572
36.50539175403803,0.6291032433706335,5.466777611304704
50.39802179530841,0.6744791938662392,3.236693516770382
30.2615725787364,0.2939156446963164,8.166555904357049
15.635655199235277,-0.6476911186824118,11.525753973548388
52.02261430383562,2.2452927340279225,4.203364219699032
26.476932411366796,-0.2522709148066985,9.387906533791352
49.3094630190067,0.1795825910825469,3.279071972882524
7.249898366350705,-2.0034800258131917,16.93965228294599
24.39102881482039,-3.1692029385451663,7.450858668478737
61.13095344308243,1.285717875291737,2.8960638727502865
1.4612888631609264,-0.1687377569514649,15.918548545648427
42.54362286359903,0.0138481871078604,4.681066848699523
50.570400080595086,0.3254208294970669,3.913665616546152
24.868035320564495,-2.2800853968030257,10.260141271227186
31.75428088447918,0.9187247865816016,8.189654538853505
37.23041552581795,0.2213064695892564,5.429946198943916
3.9146460890679307,0.0675842345596592,14.714497926148386
20.63701156264567,0.7469648361093081,10.21233300328679
9.043778999320002,0.2804420832718871,12.982217229420622
53.55912095994547,-2.1833687864018425,3.983732356530042
19.517540682855277,0.9976403672869312,11.03945090133821
12.91863210682044,1.998909941151223,12.14029676979591
55.8097148627304,0.0235721814165847,3.641387496260521
13.500492465151368,-0.445781290509368,12.676152749751967
8.192263462342993,1.8956129171178977,14.161177537857334
12.295753101875405,-1.4688782815014023,12.349279318443807
51.97666618677752,-0.3137101767464301,4.059900294916359
15.372231438767287,0.6050118259243773,11.842003293880367
33.02078199068664,0.6484279057017308,6.533036559729215
15.431134220703608,-0.533080024001533,13.008936570237482
30.67220337940152,0.9963969767806444,7.747710471634634
2.578964428181483,-0.1542482492219286,20.933993356443057
29.282493041098583,0.6539267052990042,7.8480678155518975
51.83532735268966,1.2110522402632462,3.7118589724301736
6.03977456202346,2.896089564982,18.68794498911864
47.35850572891694,-0.5498972273874656,4.276319666091091
61.08055221319405,-0.4424226167355951,2.3463600481041587
16.224655664915915,2.386746339393245,13.47056125639027
26.903308652452033,1.1615677247455145,9.724511375051843
4.407045682701303,1.5771881639250789,19.12285285746852
9.023833085269697,-1.6809212431425262,16.707234025428324
19.444122434035602,-0.3329478785194357,10.705099130908335
1.0869449559399953,-0.4191717667778046,17.71279465897241
31.768637133011136,-3.6467992533915217,6.880270770351037
17.78574879501643,-0.8570051079456422,8.951877300286437
25.588753686591126,-2.836679680860761,9.79877252640371
18.71485729926806,0.3576112998892388,11.289686687673663
59.4321053415445,-1.39795494170455,3.192535880367926
13.716846960443176,1.5470183314208876,14.919872390448091
31.366126114741856,0.3225438118097788,7.839052417555731
2.8145931035208163,1.7928641743021965,21.45247446872096
44.63118193129178,-1.665740124956538,3.8147739021981897
14.6153163450257,-1.0484400522684456,12.576110216534468
8.258648641638317,-0.9738629346570724,13.393244134607055
122.55460887934959,0.0525579149587566,0.3955047953085626
42.0171279923205,0.7346183714194003,4.356939651353959
42.55220800066279,0.2150624051120325,5.191050075216003
10.0637431499717,1.3824194905296925,13.414892323542706
26.16556724492078,-0.7567843323403065,8.957053546980156
24.561920364588854,-0.128078416351276,9.246528595041008
62.409303088696156,2.5693337074858835,2.063834246015176
69.80313366613707,-0.918360499806533,1.6243703024888398
69.04665711970854,-0.8972495057164482,1.8226302688728095
39.257962471580086,3.649050250955988,6.214548531843998
39.52447190236891,-0.8708288098577035,5.44494693427036
6.376448945182219,-0.8961007515039794,15.807302571656797
41.313042617486374,-0.1395052448474666,4.505888679133342
93.55254045393916,0.5226086398617833,0.8532966582326033
17.091764726807032,-0.8101490199765191,12.204509465988393
58.283564913669714,-1.0588050226959036,2.6414777751090357
5.750901671530162,0.225344646110827,16.40707837575689
113.27260822165157,-0.8928218813322994,0.3753933143559254
25.961653478158226,-0.8704055448251422,9.130954203307544
28.172433120415363,0.2473905482250402,8.881132983528156
36.7718992988367,-0.4344244709264472,4.793331365681805
12.097466561660033,-0.7490643668725205,12.082252364241205
8.024380443006399,-0.3682598608649239,14.35008401043322
17.88138649639072,-0.1525036462745149,9.532484823031004
14.227078628579465,1.3405046740472566,10.681615561279695
20.306848269765855,-0.7321958523136081,8.14853886640537
46.35060970823914,1.329862682114926,4.221630320692842
24.68027654132942,-0.205484504356687,10.474255613408454
37.44967359165086,1.166483323330023,5.606797380937532
41.630191927137375,1.545171152833943,5.792357489125786
7.0723050481860845,-1.2219305929818918,17.95396205538092
18.20144359091645,-0.4051939725803399,8.96222902436581
44.477388397241555,-0.9204577431461772,4.137649287244816
4.549618623365373,-0.5321833280374607,16.810774960568736
34.48298034094756,1.5322816755255233,5.874430515085217
42.230919172409486,0.9373544658617264,5.693718106785134
15.74581178373468,1.759559842094562,11.230855767778394
12.213864493601667,2.357240596290966,15.85372808429788
65.1530461591518,2.062598869438493,2.728671782039225
50.543961304142,1.26572111259003,4.163209094550366
106.31119737475603,-2.8354499795590624,0.5982799253829418
3.864905331501122,1.4710392508860264,17.403919450973337
76.74733120111287,0.5528545993255347,1.7074805207232937
5.411803241283161,-0.0465235654971127,19.46690157965524
23.096853199762005,-2.217290542959548,7.916231480491117
8.578553762537467,-0.8111052626367004,15.349737944956646
3.1059327284273692,1.3116737011160369,18.46056494868372
18.814002221645676,-2.525145092407158,8.556385999323997
12.340299859144888,2.7360030653155687,14.070714847109649
69.65921699526473,-0.775780282707784,1.9552297335555149
36.55071969112788,0.0249412566925419,7.083766130132911
8.915216286037175,0.7558632805418268,15.340096218282596
28.24363697716764,1.4279667008735752,8.407339119424277
7.413402187712824,-1.5526556926485104,16.091321137489622
57.91012880107826,0.2711883972243033,3.34113227882948
5.259530154057045,0.4447142022350435,15.257624987021128
18.028127079217857,1.197984742485585,11.095837456631418
86.22149807368471,-0.7382259155753441,1.249762811011296
9.995734055907118,2.077970176427476,16.4679050883868
58.37845058316806,1.4028286318746863,2.629696458420085
39.035826117611535,-0.2543493504706064,6.148197806929189
4.040274191487094,-0.6234130675266845,16.592100268570128
20.44202307187105,-1.7725109217578985,8.72004971131425
8.540540129521592,2.780922991423752,17.43452041236053
32.31059908534151,0.8968155360997152,6.951456732728548
42.96035364605743,-1.5974645349059744,4.7010731984616445
5.649298696676907,1.4253909667476,15.3184813655478
22.001660064621653,-3.087077173704591,11.1029928062656
33.500445968186,0.117050333768396,5.313148249687841
51.81044358643403,-1.367510304049731,4.063863802730917
5.304667043677469,0.1138511924831114,13.933782459794749
42.877841058309095,0.7679190031540534,3.9807039453278574
45.279070927348535,0.0203683807447827,4.939554877288297
21.919738486683993,-0.4416987183627127,8.163648293073821
15.774519294148622,2.036159138190888,13.15665358850377
76.95824808909057,0.9001361801337368,1.7847572059994097
15.478504428665149,-0.3897368074437727,14.048678334472084
91.29285414317394,0.5256982741431684,0.8242450668417425
25.055092316798117,-0.1499437048133192,7.284750476187799
25.96241870746313,-1.1060230108217588,7.464673163198166
10.230508606412243,-0.6423405070911294,16.914837070427037
4.321128354896151,3.166128849044721,17.34616360367244
39.801105287330834,-1.3372598024058036,6.278719828701004
8.175736124729184,1.4890044589141629,14.495753404921082
28.10549474604307,0.1031793791582551,6.657284918346898
4.2370789585822,0.726750637361339,19.187513210974497
38.58438904666816,-0.4043862351552458,4.67716263926038
14.592302324245987,-0.1517375775494817,11.371922788016132
113.83229496402978,-1.788990086135014,0.5138785240178706
6.637416724627096,0.6573654924822574,18.217286160804843
52.68689341989948,-0.4061451020666081,3.44235644474106
6.215495172581889,-0.8510115511114572,17.288448770892327
7.129920920111733,0.9424574273611144,13.257117714722089
96.87470700865347,1.1896108190788277,0.653949348856034
134.28436678915128,-1.065908450192934,0.1932084022905696
61.083552327054626,1.711961134910549,2.379400364461314
45.29102935056014,-1.0425482647275637,4.6737868528167255
18.56620811671044,-0.5896221704498645,11.21549289145669
22.85285544807614,-1.207264547953737,7.872980588607181
12.096617063991458,0.1176962452599018,14.049478066786357
4.690533322971246,0.4006355613276439,18.323800656057227
109.75581457368068,0.2895561491165624,0.5523542174925188
5.370327235513489,-0.4864145289193362,18.404896376246924
51.64395647589055,-0.4682185473285144,3.1497131056184653
34.65460160048528,-1.1661880761092096,7.206585040790528
38.974350004348,0.0715287704663817,4.43319026310994
18.773430647779467,1.2698788213640797,10.167746095422324
18.63355144347372,-0.7516596224928683,10.990457996722728
62.44202869004393,-0.767917046414776,2.130309989471374
41.076038053167245,2.2181071848989635,4.2914955423463335
37.96578893983265,-1.2213530153988026,5.587453708614058
61.32980386944761,-1.9266465981210168,2.476849442864167
22.65278209223967,2.0432805269486933,11.195678442983388
11.73393479362837,-0.3782027034865137,11.064768953935934
54.54437685518511,-1.437299470588312,3.7547312397345007
13.03473476586921,2.007921186284217,12.149606414720663
14.687929960825228,-1.3114718257979816,12.983506123647215
38.99514881482828,1.7751413939922092,4.504044135642039
12.88501703788589,-0.1565431351708342,12.813149197086776
63.91125783243831,0.2551159149373084,2.757330641846518
30.562874266004876,-0.6653126167389911,6.86769484574656
19.093143232184566,-1.8834901679369076,11.888745693937036
6.656203029321312,-0.6153797243162796,17.717874451830816
17.214860199666017,-1.2098414659842205,10.651346664439393
24.916387882140775,-2.90769030657079,9.902955986216298
24.71925579611251,0.0556976924065339,7.185759367851166
174.1932766718681,-0.8763555355904433,0.0503427519609741
56.27056908106092,0.6198091836285715,2.8649607932161727
3.266139129797134,0.5384648805546784,20.05814891385925
33.42326577728031,-1.6161568686299936,7.362686209670547
19.590482975068838,-0.970880266870108,10.929795334800303
25.319548519614834,-0.2489388527312252,7.5011553063340894
4.863419752931503,-0.8640112564702087,15.054173843075455
104.97565489008603,-2.861633680977715,0.59653079131233
90.34556852340457,-2.0272752171381043,0.9582422951144096
29.977020161099958,-0.4227429993943336,7.428817260731202
19.37044318120098,0.5132966075626098,9.648370844206742
19.06695606013158,0.6858314350310442,11.991868574489704
10.676044619756011,0.4450198338952739,14.82979856756157
13.486323008832251,1.4815333392996342,12.277979066421096
12.395143172239734,0.4019209563762045,13.041296284226297
27.48217139934089,1.0519629924636535,8.472000239220526
2.6258774310163613,0.4380905016854693,20.54863571582097
33.21506253997128,0.6842086126801767,7.541913737656817
109.36575183824066,-0.2996313278978199,0.4352528267790685
37.70243584966898,0.0267250029003768,6.60351863554365
16.150409629640258,-1.4357194869056318,13.743680464664118
39.40349947425253,1.6611665060749374,4.543033223468288
48.61191946575563,1.663014286950912,4.668038917868047
81.9024959646677,-0.7454088864329224,1.5049089587195543
10.154349296532025,1.9555732943878592,14.737983254068116
21.725525290394973,1.889772392934021,8.67042862742079
34.010631692061295,0.573866722922894,6.281047965329743
13.25485997190204,0.7329338122852027,12.807610751038112
16.842291635686866,1.2411924273005914,12.241966208141855
109.73966857117327,-0.414432107033064,0.6058225286264112
13.635972296819025,-0.5958545214472658,15.065310780708698
37.13717848168888,-2.719524699089293,6.176163238897614
86.1995384792503,-0.9632251681059656,1.1540599837884362
27.008458180236516,-2.463641370949938,7.68315505797746
59.92659925080235,2.169413594719513,2.5922899918468545
74.66408169174716,2.090545429982291,1.977608632513544
10.195038033697921,2.353426517836558,12.58838198260021
78.66380905979123,1.498727463786601,1.5293038358308362
63.64735758985445,0.1608176127655351,2.748170445549175
66.0902172247583,-1.523242608868385,2.1838604712679093
26.448094750997015,1.2924408837880257,9.343312396585707
58.18117676417523,-2.0040275851173424,2.883169805013632
19.702250027159355,-2.202050510616852,10.176878577250196
1.0994818943953648,-1.645051964363072,20.372258634157145
32.399893798086666,0.2068054716641675,7.140486513433747
11.723219437278022,-0.7845592060226407,11.67870553460534
28.994708369006943,2.7755178661498165,8.664231005275834
42.59386512824636,-0.5355229506954043,4.485967509911643
25.33886670899131,-0.1084570977445212,9.717679704929829
49.319893712772455,-1.1607524623228551,3.731968453946567
16.808290919891284,2.574849423994928,10.162368803487649
101.58547316538139,-2.530261735958488,0.7165740632195989
30.660242744968436,3.3802693115263134,7.776856504577929
8.10771540212734,-2.240396792515542,14.829585835173226
23.74989220927651,1.2176306044234555,7.674813702178427
40.89362957337227,0.7626950281029461,5.976890334742338
24.389237760102755,-0.3478974527860032,7.772694913274284
67.02039410853999,-0.6682938357055184,1.960284974546691
25.029018372119047,2.020053985118184,10.403626256451204
15.63244861097133,2.156545197637754,11.489545678273831
17.271729115923115,0.7553705529317926,11.77531932968134
73.66804615705136,0.9858219310617484,1.842729189330151
20.33600040882109,0.8003662278959068,10.937961258722668
41.07964525843075,0.0519718064544155,5.509631363689835
40.268762556053304,-0.0262504282453045,4.875611479023064
19.972326452221655,0.6707399122528174,12.319977968062606
90.96162464806747,1.982860018856804,0.7890192573763879
13.610515795247084,-0.4144019855302405,11.701960192755584
19.160684065820185,-2.7110296418018245,10.89964455107806
12.548323055928064,2.8543900262347144,15.429451333204195
66.86627238040029,0.8856032503004612,1.844503989329121
3.953371702525932,0.9661627112651008,14.921224564438909
74.63123399944753,1.264793161238,1.517693092685179
67.5973848966317,-2.144670855381592,2.320987020340123
11.08153656504421,-1.222155491780601,16.557778484340453
44.09651146209185,2.923991054715658,5.248491473799589
32.94194473963482,0.1480156020485204,5.949551061860469
2.602671915138914,-0.4734977786516414,19.84880128660525
17.412139939004796,3.4321794063583546,10.551023620810284
40.355844162687795,-0.1035058581809489,5.19516792267818
56.583857554633035,0.5164623913558907,3.479846683828035
6.898887189550945,-0.5720507844046766,15.946803141163826
13.936176681946192,1.5413785778928513,14.939549907284569
26.62643318369797,-1.2606144598007918,7.9580218487998975
13.31656755962988,0.2580373696883613,10.39786700108188
40.01348598111226,-2.2400012619805527,5.0465013879918095
27.607574697810954,2.7238460926326877,6.633071609133261
58.669630699638475,-0.8620070466494493,2.777438648019192
110.66212674324265,-0.1343285333867726,0.5313099368128004
92.37901099215327,-0.0903110913190122,1.005021202216852
40.95110150072592,1.877247596710592,4.185397183510322
32.90643590103313,-0.5147895852968738,5.490923802190433
4.745112224932642,1.4034962273514402,14.875017348490962
110.64604391850958,-0.4375685595540683,0.4181210474153847
59.06338889366226,1.3566677387148842,3.07465524267311
32.48765907059163,2.227702771432347,6.747294584092843
22.763261526059566,0.4481278470802658,7.983620653393394
41.77590271228415,-1.212282453325794,4.994067500736062
24.317933942165467,1.282949649185525,8.618226442512409
50.707889468489896,-1.1251683845101157,3.857462535748384
19.17126408063213,-0.3852581064355626,10.40194290285607
13.412563424821045,0.1932076099949994,11.025151480910218
22.23246026358114,-1.256038440321767,9.293109213529336
74.5684693611418,-1.3301496287199894,1.4313891506706111
7.803902087385717,2.359848604132517,14.157636434463518
1.8652442336154786,-1.649604603015485,15.374509795542524
8.82294744236992,-0.5952969846377285,15.312306953112598
10.236898210386254,0.3037265144278249,11.839363672099106
21.991329578599455,1.666028803081481,8.387432816495119
15.409509797416584,1.44911342368589,13.7694760039148
16.146848646134572,-1.4107201928759685,12.253858458813411
26.25351710377253,-0.8609389819142627,9.574514249890406
10.850173942033653,0.986453261644456,16.00088355680483
7.194467317400955,2.282997489704787,12.625169673646898
9.607106062982908,0.806543000467243,16.66135068210968
105.8743316965967,1.5057563194759709,0.5834845695404068
34.51055477844757,1.3999446081494415,6.812369181321505
16.8780546067981,-0.2314610805757673,9.6857296856267
18.039470393020252,0.2047618744793884,12.535968384845658
12.271904969284464,0.1735800586627593,14.0811848578876
18.229034655483442,-1.861409246718618,10.025332805731624
21.888665607508635,-1.886350366035742,7.797599125207018
22.052176889367743,1.3441610244929874,9.480052574595565
63.339909210740004,1.910562765218833,2.132247915848624
25.318920407574875,0.2438139831551339,9.048664793321253
56.891362452627675,-0.419219405536495,3.4208742504043905
41.794880790754746,-1.571542263879785,4.940940199845329
24.4425344070252,-1.0801814652077562,9.249905741217086
40.322300533599886,0.7060707955541308,5.274666641747625
18.343569875440824,-1.5852559088856817,8.95666461192198
70.42727568866124,-1.4735726452533102,2.247734872198219
18.75311808735168,0.844965547794386,8.65238066755989
11.51127438903513,0.4891514535539587,12.098790675847
74.00117449764247,1.2871904729605983,1.7665960995764505
57.18004575124336,-0.4389587236927319,3.2248926396678064
105.37038770168715,-0.6633182674893974,0.6378429799181327
49.10033139027048,0.7663046187470763,4.08222056786098
16.87426112594811,-2.578708986296604,12.15744309674018
4.678550673024077,0.6387297270694914,16.53693989233862
154.14758652061286,1.944345196626149,0.1037184308271854
3.6541583369089676,3.074340437730551,15.28846555776544
64.04208213201238,0.3517452674005795,1.9226630692626872
2.6165552638440994,-1.885251929862174,16.306656707020657
11.025024861495494,0.8781715612701315,13.047333204096589
2.253555967138852,0.8510339324513394,19.963679630982448
27.2676963900394,-0.8224968842193594,8.724537726801078
87.58112591358353,-1.5331101835412215,0.9113754718195431
8.07324485221229,0.6313510972929479,17.005888038326315
88.89871704194653,0.1959900214147878,1.0866577777505806
73.50274193914225,-0.3931006310914526,1.4889685027387314
16.95869599617523,-1.6622630576343609,9.542475008722556
33.28341003937822,0.6398662385665941,5.6392942386795495
63.96133130122792,-1.4426901304428212,2.130258773563684
51.77486071506371,0.580570685051355,3.567662640502064
4.909069642215942,-1.7496600808480485,18.10174177012844
11.934600131634443,1.8069544188146305,13.014973223827278
10.402509302431447,0.4951146610395293,13.906349973504804
65.30970473050566,-1.46809001027172,2.142266909952951
9.112297134689275,0.1293914775525586,17.380452923425164
4.547921562044422,0.168081058707673,20.499897847775305
10.7820932447976,2.3447413575464866,14.751907649930631
70.13825305113606,0.9534643189832828,2.0321506650022663
39.23977004342487,-0.9700052998907412,5.195288222475652
38.297580016804496,-1.536188022554695,5.143030386355986
42.36608350119218,0.159042823574756,4.926283491736465
81.96609302175708,-0.1020131243977506,1.2735009545334637
12.165732672200935,-2.541078343378383,14.385658515842344
73.19702738918627,-0.7283115519588824,1.6767962577222255
8.629098384597468,-0.1309924522330587,16.351335402806235
41.09164251191359,0.3903331915582193,6.083844244045572
13.703011401402609,1.5861951405872756,13.968913958832813
5.373015930239316,1.046500670273261,18.70414092479409
33.41413287655303,0.140731189474312,7.845118458495591
3.820002305601627,2.583762540884577,16.714125558706424
34.847342295697004,-0.2863118116245118,5.320235248209894
17.288315005717337,0.3716438376424651,11.029087824798909
126.31805765290765,1.5363079110082762,0.3435565145946606
33.455454636020576,-4.2348742965081225,6.807723268940731
19.212829554032407,-0.5660480587503496,11.268412792979545
41.25611727652061,2.5675296699719388,4.545398680850971
14.159424858642344,-2.4252613407754384,10.469218948242291
46.120453165094176,-1.380701124322969,3.580121344396418
4.880788867197631,1.3042356496922078,16.10839703845276
26.84918703232126,-1.0996951374375037,8.234303676298781
17.818245149101454,-0.1515126367558879,10.778256782232562
83.5871742640027,1.7566059155034797,1.4664809099989062
58.29532988215507,0.4819473351362008,2.440241897858572
46.52389555866861,0.6160800490943859,3.593564937652958
21.59042040610033,-2.450351446043502,9.229168386858849
95.58692631571478,0.4140939142790011,0.7963349225960726
4.696623845613393,-0.3871490128041275,16.22245370636431
143.18971513330635,-0.1874495940202242,0.1681491456586261
47.24125620990296,1.2552788328365874,4.794454910985737
67.17628017916122,1.559597488964072,2.4028578025754963
30.34699533704612,0.9984854019607124,7.033187844077153
29.70412520169071,0.9655082929998142,8.620247804272823
50.261740017155965,-2.3645735481917187,4.137069163666162
24.171223876924046,0.3710469338831251,8.756473745151387
25.927165944652486,0.8882573292624028,8.981976582241225
17.135273594758537,-0.9905214308121348,10.824529278250308
30.018168908124984,3.0432011875835805,7.782311723464741
66.42854693139597,-0.8206277068455605,2.2475448127432527
48.373117442282236,-0.5090999414122133,4.082700744927336
11.23254209063162,-1.8563198361182391,14.176609121095035
4.859456909485505,-0.8789045063293591,19.7092587768603
17.603241538118816,-0.4152306574497275,9.697556900400944
6.689056870718595,0.2575932555514338,18.48423155735356
25.845273398304833,-1.0954559313461754,8.811669069557306
15.532487469269812,2.8667544991386498,11.616969093052274
25.89906604806632,0.8325497059032533,7.819163880376506
9.83950834977194,0.5156950880355151,12.356066404117362
9.322982964928565,0.4526039048983569,13.524924186190072
17.65818124101354,1.006939260656592,9.002270472732192
4.279472179688537,1.8097651498684295,16.092889474471924
24.766651711816003,-0.6544373387993727,7.431726898520407
13.764769819825199,1.3001632045996638,13.075488952714752
20.987409690899227,0.022211441054175,8.189672749923124
21.36821142194468,-1.4790068994734191,9.74843768933878
17.269619554805544,0.3189048832768184,13.331771451142751
35.1408088168395,3.11070143458835,6.33455118214104
46.58161328569692,-0.5157209390821662,4.463385052600335
24.02051126308839,1.443477814926646,8.525327375780115
129.37111523110502,0.3723078650814628,0.3121526181308885
18.035286862327922,-1.8253007381089852,10.808317274928177
53.050763479277926,-0.9796203216547108,4.00394983213367
24.299061633520353,3.89146358125572,10.105668224303344
18.747804895875827,-1.2622688976863363,10.750242383926237
8.116229443102418,1.705207905445186,15.64436575018282
11.479700132284805,-0.6080874043938411,13.949111627640512
12.660398202950159,0.4698178413496702,13.693881013135586
96.78670860945658,-0.9449608170929188,0.7183377328154864
44.92782150746406,2.0649808721391327,4.018731948343023
126.85039154123334,-0.9063273564859556,0.2350747596833042
40.513134092607096,1.3963296556182057,4.150273153581737
22.083247719373926,1.8256105788421133,11.094073265966731
43.638186267766415,-1.3012246168071395,4.741073064084825
46.59409761927391,-0.3569547044469486,4.793772803189473
38.98434021710819,-0.4854911602479393,5.132805575458268
51.239455763345624,0.6605011143109109,4.013133594317727
35.86599355971664,-1.2480983680274294,5.960555607706435
82.68247055442808,-0.9978209248753196,1.159550105383084
78.51544840040744,0.3622315907649692,1.2206798708390725
29.84880526574989,-0.7825032277221411,7.376450014147929
15.177305606409185,2.254100095841,14.010334368384813
45.429501953195945,0.2519717038880671,4.216314720821853
65.39672218556116,0.95848741160554,2.255661298860796
29.809034660923153,-1.039721576031872,7.597507265718925
2.7140778681342512,-1.6346684368466948,15.091420295628106
12.719965050583546,-0.9765975576676356,14.56619791359837
12.05597347403325,-0.4588273107104454,16.014612078400713
39.532060712903586,-1.1210337995693394,5.256132162687472
88.48732128222545,-0.2354000834472795,1.2328380324185249
28.196895278822485,1.4800186015603447,7.1071483057121245
37.34159015188988,-0.5993682641826404,5.441239895817998
44.31964050116071,0.7970951238250674,4.418999795475643
17.898937241086486,-0.7134647375554162,9.667925981258138
9.246950089171923,-0.3060283621265533,17.505128788123002
16.926851966007277,-0.1483028858781644,10.238307468651598
5.899733597089298,-0.7843289465151588,16.297777925693012
54.00597826585176,1.952053238091889,3.4722999238417835
13.569000305230158,-0.0018436203070924,11.913058167471217
3.7083508257526296,0.7165849235340805,19.75376049999116
93.45241826543982,0.3359282259460415,0.9319973385540792
26.396082848815663,-2.058191044644309,6.838794744671579
1.35356217116802,-1.1267772011014514,16.269418937235113
78.35834924947308,2.6830401838618183,1.351270258902187
33.616323315656885,2.066750892549228,5.987021292063657
14.915274276567475,0.9065731559122354,13.390966497693444
8.015750706918483,-1.7853011476783158,14.599628065895091
58.16520984680366,-1.2898419462966089,3.01464417964739
15.474419949292363,2.422771824406533,11.119721692989351
6.955440106799633,-1.0020319821589632,16.465174785180544
6.355355534505982,0.2412287602397041,17.070915892375606
11.61529040890252,-0.9540330454117352,14.799527847240816
17.955304830775372,0.1152183665771413,10.164489541520286
33.23510575195128,2.6763340125560333,7.277553473053786
11.98099461563631,1.9472419720674223,12.388251549027972
14.898486518614549,-1.711905333375192,9.776732065067362
30.025898451716326,-0.2244054904336031,8.336820418239487
61.44800392331361,-0.4639598295642955,2.2649263776134143
8.797604224478002,2.208106043956917,15.918226485378428
55.66747360511532,-1.4306712625623386,3.252028993467944
16.85256574537887,-3.394554114472179,11.033295976680256
8.3405891273498,-1.8222703866555752,16.897634343445148
2.554978945067578,0.0246647717641256,16.38555295632304
30.704337875148166,0.1267253091487578,7.861235093937099
92.61559833236264,-1.2067407266370875,0.7973392263976562
140.04494240548632,2.1463963022269965,0.1557701541274487
1.995181275920277,0.9313527463195378,19.354530004767373
43.73766791393819,0.8230686510323552,3.778776080320496
12.956952236004287,1.4323124406192542,12.153486285475584
25.240443524065295,2.774196635104682,6.972189383472895
61.18015675750556,0.2615657254427905,2.476263437555107
47.04038728447302,-0.1645024473800906,4.896475232749655
16.325857053161897,0.1689450168486914,13.654251862185449
143.66415646602636,2.726285491227733,0.1918587528561094
76.10289683398837,0.768128650785967,1.7691053516723478
8.759613692705578,0.3345643926086761,14.184335896074522
27.69140935570537,1.1116524767246876,8.31492175940583
10.122024023386874,-0.1619079485750048,15.925706745233535
22.222650417539803,2.524706791483077,10.87571829200819
114.473571860715,0.8778735361927925,0.3891864593058723
2.88275161323581,-2.1763800361021657,18.230210819574754
46.92540295365804,0.4057171729833964,4.200522356110849
23.050857375325272,-1.2887757085957563,9.997108265583195
41.14039424243555,0.2943117205791559,4.604993928507332
15.558565789072912,1.7479601864568228,10.57102184163655
16.752053253425885,-0.944066886503668,10.965990377201429
24.66382344365855,1.4942764723470368,8.347278937364443
24.7133110839625,-1.256728808599935,7.315293353809041
20.76669590368376,-1.1835151186270128,10.49419526702207
19.810466621935284,1.595524503122029,9.95708914436723
49.95613961865411,-0.6019285263647212,3.380206360595531
33.32348131658486,1.3439064249065384,5.485941862660415
63.17553108698267,-2.147886636873489,2.850327407983213
3.4779422870660666,-0.1729943103590979,14.521308561678026
8.50861558662012,0.4410217735048843,16.962141597249186
36.12091606727349,1.2659209816359502,6.49316746084346
193.10582084111311,2.506152444839945,0.0373117246498929
2.036735086222795,-0.0251151593909205,21.09646867943516
50.19042662170826,-1.2593000979128446,3.9867970635610432
22.753829365232107,0.8696411822716892,10.346327633154994
11.764450217949351,-0.8606449057065633,13.373920809328016
29.467591761616063,0.6461457841939846,8.26109332837214
40.33679906255291,-2.580062414148744,4.562174269730784
50.09304857785121,0.6382901808953705,3.328353906107481
22.24150841892239,-1.3566502542316576,8.112474276591497
86.17665931932761,-0.5218794321119422,1.2715206492348026
59.71512405664016,-0.8363123686134315,2.6269114219068697
49.09607785273814,1.3210764991630817,3.622229976769381
1.5397794118064652,0.7468094326078599,22.43931188401485
16.994637089068323,-3.306102098936789,11.817947316659502
29.22441797119598,2.816037087314838,7.219991507095792
23.982049019321785,-3.1165577507238003,7.584315144946112
25.774680468602025,-3.0365036890300927,7.129739218030127
24.312566008621115,0.9543352060746856,9.565866425201548
36.60232924290683,0.2205299510484094,5.393596076104941
13.347323658213064,0.5248548380365308,10.612891319134356
11.595213866083416,-0.9148453526705572,13.104012160462805
5.711761714622686,-0.1070067754371056,16.77376637208229
29.555444712477964,3.393534742379256,6.362047367284372
9.737889301879282,1.5647768166981852,15.668818952321988
23.745640915710272,-2.822025472616194,9.072069686292991
36.250817744639,-2.1525641587481275,4.79677049011302
12.858746388364983,1.3935855876166827,13.162829061872705
82.90911012838991,0.5923808001274612,1.2411632421327967
36.39295895464945,-0.0986051981352141,5.841582634953763
42.368720277942856,-1.2321800456264276,4.476986321916646
29.914696148870423,0.3425623022465195,8.559001536408314
42.70348291486063,-0.8654556484159536,5.609330873265808
20.644796840663723,-1.3629300886319935,9.003572633822385
62.93089097103124,-0.6269209075920317,2.580543243848705
16.76269692383464,2.0076357275256624,10.14473511235084
44.79747067515359,-1.165346098351665,4.587763614026656
168.18423156282174,0.6271155266226281,0.0683889642409892
19.443095738987992,0.3271809265061428,10.48611470950265
25.532439839460352,2.069946935981741,8.133132220168385
50.78944285466446,1.0252970341681935,3.527333463949062
2.3047324293433102,2.515606167590541,20.36334515829481
20.247014477982383,2.2089079100828086,10.381423111093603
16.909638163601098,0.7843147101003956,12.937641715359788
5.7023440824111935,-0.2547389220284339,13.895235561059776
10.854150499127353,-1.4582572464329986,15.396908451293111
34.771900297645686,-0.3226304980211555,5.919363292368895
8.543922930441424,2.19659890351477,16.227196375204354
62.672078101448065,0.4829593927000208,2.6157072512827986
39.650008222667495,1.1911225369966545,4.378875141180801
7.541340413863713,-0.9000693029830573,17.216504950804644
79.75571169885757,-0.7812989121964503,1.3571412428973122
138.15485366804575,0.7847950565543744,0.175373618196646
41.135405379962755,0.5705396479146776,5.7471110784386354
6.427354469808409,3.0499548645625545,15.598538403463136
4.468855657017452,-0.8981207898640304,15.213266975623426
37.385230559584485,1.7055347368970608,4.879596019574644
9.787547380717227,-0.5750003633721735,13.371629207797938
17.85852550622314,0.7263164582677336,9.113707608355451
50.984278975685335,-0.8464619482311282,3.244055673375198
15.333411307121283,-1.164208588538972,14.314767481074306
12.722454583583756,-4.461364072181583,11.367507482539228
100.43069381823507,-1.0320664388697032,0.8387438424359922
41.66925508059644,-1.7588620131048902,4.651606300356122
41.034207275130655,-3.6132715110194,4.72243770960662
61.91533804183648,-1.3466676530237995,2.625671645798052
19.572523772128967,0.1518399270581455,9.300914559244989
31.35339055032774,1.0886036920414723,8.149267945548347
17.77729180135181,-0.0796152045219652,12.195870499486244
30.768323321215945,1.3513450037409465,6.172323339089266
7.052428120088404,0.5342793689409998,18.487799964314046
29.337327481159978,2.3186160424401256,6.854353483289839
38.09710347366184,-0.8203573901728722,5.664073352513889
114.03723299078524,-0.7396226721404789,0.5088730850445904
13.458260971477792,-0.9921611457022949,12.971127464766743
76.94956873448419,-0.5769135859563512,1.6734791343191335
30.501816740423198,-0.9755918051927708,6.719319291271038
17.88407085993578,3.027071488709344,9.663274171830952
30.946781516837238,0.1149845359939997,6.285565841114373
16.314862501032135,-2.3636659113921303,10.385805676148664
8.89637789305626,-1.5554173805956235,13.746390165779948
39.800385080425954,0.0297975062101719,4.851473576776019
22.888526644711924,0.9341426402369116,8.474739185237935
48.1396315192478,3.5247052753802857,3.485056719692633
20.987307209237894,1.938183772404216,10.869598707755944
42.95412589837148,1.1285047837764628,4.550940907519039
64.84498754439721,-2.4137731990824323,2.6913697477249223
28.616891466288617,1.3854321490354145,7.592718157120563
20.48348301316646,1.9791560949170872,10.532702947059953
3.0802185536798445,1.1033116502663185,15.80771731116827
3.8602591830748394,1.2780313433011168,19.17028452456884
37.901548730373335,3.1799959507796727,5.367018931444416
25.296786249430145,-1.602934432510987,8.91040862830813
18.196648008943797,3.2845766037080675,11.190691608801554
9.344788300933745,0.8175781766872913,13.21315814171368
76.63831265799479,-0.3106899871398235,1.671649046950053
41.02887805619054,-1.7635053165531194,5.963310930027286
48.3026654749053,0.0190930958253058,4.206785099525832
39.8276837679671,0.3970667987967915,5.610552733096471
10.554227874910023,-2.17952270772816,14.643136297854914
100.16885563690222,0.6262248192453891,0.5710814773688986
46.752078167143864,-2.0606035507080063,4.354515061150768
73.03237463626094,-2.635845626508852,1.5347893269958146
18.293777559158197,0.550197237717712,12.9026228870771
34.643721947337255,-1.004546065848145,5.818386572425308
16.376274515081157,1.7256938266910378,12.217834376304058
47.0869472702175,-1.695587777793888,3.567801717056532
43.27839696328743,1.3673806079356594,5.646898088250164
50.85603759352196,-0.6432634917494389,3.039558639263712
42.356421725424944,-2.160097083518744,4.231600229115676
20.171156628031905,-0.3415969462728431,8.976650792977397
14.44622505953054,1.5565877318396169,10.802833947563323
2.8327175319244184,-0.5222171998065378,20.084444450129933
13.935595499224519,1.256974134112944,13.194263682867057
61.73935022770378,-0.8860938362038959,2.342875385295606
18.636543222863057,-0.2297486933818949,10.65078606876506
34.047231114809755,1.3534146346911555,5.300242303735682
63.76334882741317,1.9803871375520967,2.00256510849347
22.201782516912058,0.089984166991861,9.934772119878453
133.25203448811348,0.2482186169804191,0.220157503803196
19.15123685905064,-3.4704474385489585,12.211475733099428
230.3728778684714,1.4551996394314002,0.0087981713050888
3.968864940260593,-3.258479928273577,16.331958887803424
9.625654053607343,-2.237636131114182,16.76243600104139
9.09042654686646,0.6209327584626981,16.952116637615852
12.130675617117834,-0.8636969188762074,13.980041198264866
35.48897094540497,-2.616980004748804,5.914453444691408
14.618302169394319,3.756356929971541,9.910479720531656
13.632423077006102,-0.3269669334822249,14.258346270713949
14.370133825778233,-1.9251968583582344,12.945911771976148
5.338480049313974,0.7026092959680741,19.62885750614849
91.92200745745652,2.9488652629680514,1.021469164249266
11.52342215466278,-0.243802258544999,11.676864831831102
25.53479562898695,-2.660723330567897,7.267403708577348
49.60301683455036,-1.2909074330503092,4.092812305705554
26.827332227126387,0.6425378674390853,6.921086499978257
33.976447177518246,-0.6442699159055448,5.7009224523831445
44.83539902094983,-0.348789386379029,4.87442417781471
18.462084453188506,-0.5476633961303148,12.549267899081451
46.84684737521803,0.2142683285251044,4.863371953777522
4.670308106531464,1.1378330434334636,17.353219809329975
49.051073087315984,1.9396805943149444,4.572296083046073
48.20626446167415,1.238524198659963,4.241232415573407
16.600267153977533,-0.4973051287360895,12.154192747879945
34.45384728619302,-2.3970518991808403,7.12501476623046
8.057550395553292,0.480178674891289,16.76052719425944
89.8640637168084,0.42704829944094,0.8466655421282173
18.054428834599783,2.251028636669276,8.772425373012808
5.75155793980417,-2.965737728610959,18.80326279722989
122.82206225619811,-0.6057907817939582,0.3729782344881917
26.605255812427682,1.2949026042174614,7.32337346422807
15.872818307029242,-1.6186829526580309,13.87015845844726
57.92411677466148,-0.3971511249935647,2.849330127767224
35.67841797024578,1.3507112408591144,6.583134046261408
29.252154106956517,1.7611371117561054,9.022804417856996
7.206473017879969,2.3483245328664677,17.797153493535088
26.586774479414142,-0.0465047876870846,7.8375973465849
120.30830002096313,-1.4040694501696502,0.3963092943573462
55.914770979269704,2.4385952679870573,2.5464664907830032
62.6568678544138,0.748111370850814,2.9572935158440936
41.73466411242547,1.564741440680564,5.953117225192286
47.00392755024478,-1.1786495840228302,4.604555315381382
18.633452409357957,1.9258209431047475,9.81423902239682
38.26148611991383,0.9991657120087806,4.76169366736468
46.2041213374866,2.780340908850301,4.810174176188369
57.769374107287014,-0.4167426479059318,2.492936115289577
37.437512799452406,-1.605816780003533,4.926266628102789
7.428124506679966,-0.0248552531929194,17.024562229685383
31.38912597994191,-2.4455909797676405,8.397244704065422
14.006229670259021,1.5070109629186788,14.675779921197812
21.308279684203846,-0.4854928491755008,8.570465177346918
6.116500697384517,2.157141039875716,19.375864731320156
32.17062050208621,-0.2687001309764891,5.568291622660911
23.72319340872292,-2.283513166760901,9.624221277463848
20.002901168083557,0.1634710731264766,11.480232271034335
37.48743864964899,0.5202947958262945,5.217066464805806
34.05879621296525,-2.9558388375000773,5.449722037929229
6.151744310186027,-2.2248050808172186,13.183660008367566
29.77839922434624,0.1509449009874085,6.741265082823658
44.34715011285416,0.2607777602566565,4.824570728310414
21.293059163492714,-0.9116173017990946,8.259335556619801
2.9902783908364707,2.245400000183179,20.368104581970847
4.658649754003902,-1.447228601475668,17.37279694526078
54.56476368974519,-1.8098614036206069,3.521711893809733
47.49156019469837,0.1302794070068718,4.522552160794906
105.73197127916025,0.7576103137259947,0.5139335672838371
32.33170892213771,-0.5680688046278691,5.780958114384243
8.27041140991469,0.2415342782876428,17.31527111263765
20.61123512667388,0.8560021354340536,10.085990762413124
28.07886206193105,-1.512319480235333,6.27560211347099
25.3397402729803,-0.4334727940456921,8.660923930976638
50.11111302506787,-0.8793425204504948,4.057256358620084
43.5366477706551,-1.3695447071069184,4.408505646998221
31.746739103059863,0.1710116539102439,6.211469162658971
8.03166760566142,0.6632689626199564,17.338407403092024
96.91731903402794,-0.8383198186176224,0.6731938462807695
29.59701122328442,-0.6265041552593524,6.726197685752688
14.862063770961496,1.2468803780500646,10.98823788260082
22.54875621944548,-0.8628151416734595,9.56744932157498
8.161989180563674,-0.5342045195419541,13.362814281225733
19.31801263268096,-4.8880058081858255,11.85114955394607
52.29225583718295,-0.758008308610503,3.4067172292622145
5.414291888490132,0.418665245864521,13.875743347242343
4.3341346246206705,1.4573436434836236,18.280163918887133
15.549774246277174,1.205467328476959,10.830081429090182
63.310931517501515,0.0320352667638742,2.8783754570059523
14.82964341670937,0.2087560313931558,14.276744284673358
14.409208465776809,-0.1742365043889981,12.320494791235827
28.61183750720406,-1.271605824327452,8.832349009536308
24.99437536751495,-2.4941167784793628,10.246305678153972
16.92434195345846,-1.997313968020824,12.475017275178615
112.73412961839884,-1.9759198074900128,0.4623789918401858
4.141975765696988,-0.3986152083307699,17.515354805416333
11.718109561251104,1.0260667904791838,11.112538724780345
57.12065328000294,1.043863784483979,3.2266561643471
9.606168961723924,-1.822580523260024,17.344111987545016
51.54242502878242,-1.4829189004172727,3.266445665688821
25.156838401487263,2.8916901146007583,7.972851833741136
73.27165451807585,-1.1098002324542662,1.6740278538804878
17.796940122588648,0.5151309613533135,13.017229701187304
5.70939873320406,0.3275507291375554,18.14381488222767
40.606618257111734,-3.05211900143139,5.009318671043437
27.881387697155056,0.1371978320751008,7.831717005665691
27.69358945565789,3.138990740500476,7.645122075796037
40.82499823491739,-0.0403467965177498,5.633457887535958
38.969765699295706,-0.732687092408074,5.977701268095879
99.06588347632902,-2.386529145257475,0.8480217074750731
39.2422857021347,-1.5870081612081588,5.784234849708574
67.80108204105078,-1.299399815866927,1.8574288827438863
17.57621745313667,0.959434967301982,10.788270066989137
16.633610877330685,-1.5243109902448784,9.710493345934092
80.88902525040974,0.0027541274439164,1.1428777171451583
12.402519258732262,1.8670211058822772,11.709530611931816
42.00318961257036,-0.9537130917947004,5.785755838882299
39.63404182611473,-0.4403359949985967,4.344946666861038
20.854195063521498,-1.2824030578874783,10.441294354221792
14.133501052085384,-1.1705652019837325,10.014618852843183
66.80606541021929,0.548040479579741,2.150449311395757
6.26754903406708,1.2921541270374304,13.981226792926106
9.311071035119879,-0.8697645153254012,13.056962823654068
16.871872778598256,0.0689350113284961,11.070171999328048
8.919824629178107,0.2713759669056842,16.872614007355896
7.478933680823854,-0.6664561050737094,15.175213051019137
14.403790327971993,0.685356940005875,10.09853777204972
21.864705699094948,-0.7251231611596772,11.197301017804405
10.71351479862454,0.539856954379493,12.682868065136295
20.39243626402904,1.626384522488642,11.350352788627127
48.26206022382712,-1.1563078352979237,4.005787096064511
86.39751704772291,2.273346028753787,1.0728683474047636
4.33230988055499,0.2416036523924193,17.310656885136986
45.10035340632705,0.1945089093423694,4.764928566279303
15.411648528253407,2.4262468379979145,10.957660507922087
27.11619582703254,-0.3618314461174381,7.282664964488178
12.241524013488622,-1.133552476115226,15.236109428430447
156.2143263368281,-0.0801870626268381,0.1235944419663366
12.6738158450774,-0.7385026514215847,13.120880431498382
30.495858320658304,-2.631877401787904,7.500971556117672
30.388407002849927,0.10322128816043,8.68764061474786
82.172108671783,0.7924110407878058,1.3528267929981037
4.689805106695535,1.456241907148162,18.0177305809873
9.9453223038869,0.4828449779401835,14.237293216019497
22.960545069538952,-0.7902840307927592,8.486776839610485
15.677871691325187,-1.0040676075829316,11.00494170552575
8.289382667754024,0.4747297575337103,13.423618377857895
31.119171478308594,0.1247209195198346,5.956218613752212
7.945717306348079,1.3515254022410623,12.871792219040222
4.424896992630575,-0.4548872133055255,19.755988610678692
19.612260679537588,-0.0776857579652123,10.522006734657792
19.18964250850917,-1.4184517833514303,9.325889740806408
21.32302917558823,0.6021735225002713,8.333279882948318
38.659541677539366,-0.5163116977877885,5.8532197816301
6.726851462016459,-0.9607488992840614,16.280434646701927
19.058779811249305,-3.280747303964767,12.670841435940568
7.833518875208849,-0.0820005177694067,15.714941869809044
19.212571206181448,-0.4414464915312763,12.031728325955488
74.17041237516301,3.145270345257253,1.8344463600986511
72.87332066897292,-0.4956065004266708,1.7052075005095295
84.92518795404304,-0.3153899760553893,1.2720541768300433
4.3736853085975085,-0.0076693766789158,17.744372165150175
49.98656557312096,-0.8522633473171662,4.058403007133102
79.06169570895435,-2.3125470948164795,1.241985588691861
44.23750096377087,-1.9469246084014675,4.159088851468705
6.974451926093577,1.7350030976617492,14.062040532475152
38.8320319129931,1.924064281361042,5.936739012021385
24.14563052671067,-1.8261365110151575,7.942641274423708
37.189651328878234,-0.870071994176349,5.183424631273283
1.9979192428080443,-0.2957617687593566,21.582538920788465
83.76283357163325,-0.3396472531248766,1.1027823027161086
55.84201944560387,2.6307581243868112,2.489016891739103
13.241153864317141,-1.1367208222171663,13.92021825805165
30.309043788730847,-0.8835574906434775,7.015198378339806
36.82445868866509,-0.2328107902291626,6.619962793802919
24.220782652456343,0.4595181059437435,7.767188647613095
114.37553474087366,-4.049045653625938,0.4914275418016339
10.223920989855406,-0.9690954377264456,13.552576276177998
35.82660254721943,1.456713857665611,6.8266880349371775
9.043726082820694,-1.550739086897376,15.278064092602468
50.78412695366735,0.0158850011989832,4.013154533443138
25.418897116062006,-0.8723812508883282,7.178378614988676
7.055525467535893,1.1859034956013006,15.748549003812265
44.43671155024934,2.7417856587045617,3.676031110774058
10.015218864733171,0.6587149347791204,11.85661304812677
3.6501493998586354,1.3496292269939565,20.606866078667537
112.07180814931205,1.4828804640757602,0.5358958209541704
30.10983049106929,1.0807075048866035,5.925306333501391
52.78172311334088,0.1820340482391137,3.096412697269721
3.3883853122725416,-2.1495749175706678,18.774211177914413
0.9698079970649462,3.6876211498075273,21.19276126635024
18.53806364937044,-0.7912391329494362,9.497401002929744
20.532867107987983,-1.5009098060461743,9.408696366646096
5.322772286228659,-0.6255813725178279,18.03502164110506
30.166875614967033,2.003877268863919,6.7218881545116815
30.549282584707584,1.955992605559163,6.18913337456494
73.76671305532876,1.5653740536842862,1.8169024064800885
18.240436332048738,0.2378672719803926,10.386622681503658
65.61190960543232,0.3234447150722637,1.8948318943354872
18.81945278818084,-0.6572525201261166,10.070865969668082
41.31045080124002,2.502095273773167,5.845161313141351
28.809105555951668,2.3013063302057986,7.74887199997937
32.96176797353348,-0.3671634766156871,6.136807974219805
53.181948464017864,-0.7731049152075309,2.8591186576304843
82.7145936775513,-1.836033004097668,1.376740994955073
2.3942008421313195,-2.963922274764566,21.664890671355188
7.304108699714579,-0.7349760767130599,17.066149334956766
49.444391851177876,-1.0940684572274322,3.1821120725474787
26.34534146968346,1.1730576947805915,9.955562981187663
8.452913096976701,-0.3044501618922031,13.998497347152917
24.427996309287312,-0.5397160042809762,8.269130360423349
53.91192887198534,-1.4536983793413387,2.9787006855464147
20.074072054472047,-1.8527576765009923,11.55988031844154
18.914804555626276,0.0337365556083937,10.313729332769102
31.945403192663402,-0.8660339725654065,6.1652110972008565
25.587795325422032,-2.336133207469343,6.87714064020026
24.82591866040763,3.259784894510519,8.215713198784439
66.74341855720377,-0.889228069118322,2.4376801847280483
28.319488840067148,1.813831258561472,9.066862064577697
17.12797629815413,2.312473949608025,9.292484974669824
6.817829446967787,2.274238314256663,12.915332438172763
102.821464392563,-0.5527717872626877,0.7017558027513806
42.82716831178739,2.5575322141212213,3.896179845444961
14.046888292444034,1.2783340052954586,10.403766606222984
26.26922715763963,0.3329259798181042,9.143618755119842
47.358527902792886,-0.786764690928925,3.794372316644061
21.847765453207202,-1.364449664804234,8.831480153319326
15.733845061579567,2.231706997956098,9.622067740412492
50.66432979315867,-0.2216995500568389,3.960662667095186
66.65745971423382,-0.0045911120529852,2.453787326537921
78.2102527597381,-2.3578875457973933,1.2725961843753586
112.17928882889008,-0.0277415244873792,0.5662945636847422
5.245815866705675,0.4945773938357824,14.666982027387435
45.209016639323494,2.024404024369016,5.03735607438958
56.01042582087449,-1.2747583187331166,3.496397514890209
13.534772700704133,0.2561799325095076,13.48497471348516
11.118842193646328,0.4690386449943708,15.720129522731307
2.511362077090744,0.3801497291214607,18.699759305084783
3.8754513697309436,-2.0663915863448272,17.939702147984928
30.68009458645402,-1.4447472346370305,6.528550689096049
120.54025994139529,-1.7741263957045352,0.2943939122111109
25.700099732025294,-0.7650454317942367,6.82197579400995
14.315794187710491,-0.3056117758212909,13.660644110924272
57.02436018325674,1.4803247363239715,3.231236329892824
3.6059808136490803,-2.060276262644124,19.91622189779964
9.3058202323892,1.357307217981872,13.974509366197848
27.304295952898702,0.7426227832299978,7.930543646410894
65.42759377679249,-0.9952258515505296,2.4561333109805705
72.05203325085412,0.7724036234856615,1.565648223743639
103.08262263565821,-2.045038152095472,0.7027085803624626
39.30824248692332,1.241296643747798,5.047530599078246
23.091508621916944,-0.5819469061749513,9.006862092212245
67.57541153616238,0.2247852744394377,2.1955364197676146
3.165531315119235,-1.4684640577307495,18.91711154751244
30.864882410046917,0.2805291012908062,7.283283125530209
111.7655099256685,-0.7834219091676627,0.4024165696125376
3.8457934815798938,-1.363292675232503,16.046252359035094
14.012352868011886,3.2212890810228725,10.927850707073071
45.82321094116862,-0.084741551128954,4.9959637438102416
32.27642525624481,1.6963325048894065,5.794133273797711
27.79282906941174,2.877705370932695,9.05019554781082
75.40860344483734,0.7310232173454617,1.5331610346859
61.62979004434385,1.385677403229019,2.5696766919693665
19.566710130075066,-0.4306306181701976,11.178449666543491
30.479986290879015,-1.5251082123595552,8.171207897570847
9.827887130977022,-1.937513082087209,13.206188581316404
7.623528723852493,-0.4708733450435226,15.277957260631297
6.0806819504850385,0.3453729794223586,17.261381272834303
75.69523517300892,-0.6200110113579418,1.871949743438231
84.03050026810537,0.1391902895004801,1.0689124641035652
15.287627416119456,-2.0664834148065765,12.98706462344816
21.03172423491911,4.593298209942319,8.088890116352122
7.008567750934882,-2.1067206355956785,12.864994865283194
29.96211348113986,0.4023237067275583,8.653025999645584
13.736641149449138,-1.5376382983526948,14.514898568268643
97.25736133361772,0.7222630962552439,0.7098102591192891
32.88882570729419,0.49171583124208,6.14312201018317
47.61631671547898,0.2849558604525278,4.130440665673513
33.71255377747144,-0.1676710267691585,7.545613810270756
19.552783206833972,2.8213915918338945,9.02399251424629
18.72719002755025,-1.4886362853140775,9.259306005561545
37.98014601316476,0.8293680401350937,6.074233983002267
19.3322143739402,2.617273075387537,8.726359137838463
37.86745951400196,0.1635341137660554,5.261244798614992
135.5326150249994,2.292541145380932,0.2022504968489615
7.961971943556545,-0.9249037084045032,13.17525706054793
62.527194896333235,3.002237984615498,2.508625664288755
3.104779138724213,2.600480292896969,20.432207203678256
4.543175835615254,-3.763058167854132,15.254720216513816
118.66787277598183,1.2402650778587845,0.3900045590534105
20.67147535107014,-0.9967776884147423,11.935790831820842
25.87227088006089,0.965257989114851,9.502558291726576
10.605327505131271,1.4109188228524732,15.16407975306154
34.44553071098631,-1.071109905827687,6.116832649928879
20.2682933160295,-1.76095924870715,8.603080405165517
8.59720012548792,-0.4813516988023589,13.075860593114404
36.43264016312326,-1.4177886307681884,6.385453174221552
18.92571629077487,-0.3903812628763126,11.155161858779667
85.96023613695591,3.0624930346997257,0.9587272007102928
36.25145769377543,-3.847459634331997,5.761611478420986
21.104630635632343,0.0372559865200574,9.675841231461922
26.27915945002266,-3.433740858091186,7.629174559081691
18.773876309106118,0.280106029949596,9.394110144005632
19.686719553950045,1.627835461756325,12.316952035953284
79.69666064180491,-2.37409183781769,1.5392031424094628
2.576195410906524,1.445939972334802,16.327441658219392
19.12144423092561,0.8551041719284751,11.821756695023929
17.452190539011493,-0.8069773811874701,12.967901153291372
18.406842507546276,0.8614690681978141,12.2001543213841
56.0304597319857,0.0843284812938123,2.8858225107959874
114.09446136142469,1.1150307853860224,0.3911783958235843
39.838677075987825,-0.0502727803711208,5.939236152274387
44.8113154308876,1.4713635711282875,3.904656273769768
73.99737659109151,1.5447258453634172,1.6549898410770996
8.137522852796828,0.5615451725133854,16.982451679964363
60.48631008340025,-1.6859142281264,2.407762367317278
24.639086956553623,0.960453213972938,8.5769568591701
34.23628864981963,-0.3207647514191297,5.182006948120532
39.296116074438785,0.5335619061361988,5.9202722693469925
7.219757376012858,-0.290738507795689,16.549198461963496
15.06212124177953,0.2067975374256678,12.277017775469238
16.012533631067978,3.1977732194065207,13.06993554771628
57.80638501900042,-0.6492624594062579,3.0604784849523705
34.84521041830837,-1.0126036957755575,5.267199163467197
20.09681757284561,-0.5881838972124754,11.850809874892924
6.3295295603245165,-0.4045801928807458,15.297826365321807
54.774330384383624,-1.3488312151653976,2.672208187925906
96.38173417175304,1.1044744369012265,0.8652537957994653
22.377939425946742,-1.2754302515158007,8.270924641057519
1.2899561983253132,3.020752140445948,19.67394888817557
53.35957313976033,4.015172803938182,3.355575983661387
32.511535713002615,0.8039265206588586,5.84207157505629
40.75864307696706,0.8792482837905566,4.1596067323969335
22.333920736941057,-0.4370376665457283,10.893865630856412
4.898634621003329,0.2754377608750101,18.53440209447316
85.88354695877887,1.3075890563412935,1.1337718910222672
93.61796254808459,-1.1025118241327392,0.9691796398996636
24.137500206159565,1.5468511275530887,8.587458586874922
17.350754674038697,1.0640551229177926,10.234181848386294
19.34931665598811,2.0237581931268918,11.611881256275709
14.54641926083283,1.0174129112417178,14.201432384116004
23.40914630917294,-3.577382860006944,10.323427436618582
33.444946502957634,-1.2411802621521348,6.228712458596012
30.37928612217126,-0.9917590829395632,6.2981586739356645
2.767264361381298,-1.989406801787112,20.620888051312164
47.86023417369528,-0.142199419793038,3.817035741742684
8.736545696988967,0.5644981108550708,14.096531871929376
7.611876457827959,1.1977483465574563,14.723292304176738
45.41251203620411,0.9446247699636852,4.100357026502136
26.71535213413179,0.9131474765517544,9.51821503218825
28.487557181706585,-1.5319056536428723,6.50898317362262
14.455165824828795,1.3404815024421508,14.24718017301372
61.703417400191874,2.825257499178233,2.819372430361191
13.401442854788053,1.4356117880489698,11.24446122571606
51.4290399366157,-4.565105187477057,3.060214302852187
7.610230051415024,0.0386957415241123,14.791720699032066
35.46323846658677,-0.4705597724219498,7.329613025508057
74.46407511341363,2.1028722550164423,1.8996849614430231
15.665168440904914,2.66171423606879,12.55169238425052
2.6592804434766206,-2.0425063582227447,20.51826521529678
41.09661747687712,-0.3877239727445259,5.197480290243165
16.008141153286545,2.48091746057502,11.229244486995317
52.84635633488256,-2.797135448460824,2.915317348965759
18.859019090475623,0.8206204001202226,8.658077101566592
3.419863284751143,0.7055101286409858,19.18433951677024
18.09694662970815,0.0461496925345388,9.589233237905749
92.58135478007932,-2.2007848043811054,1.072294423990609
62.25539670156691,2.376911662519323,2.7968378223023618
5.520496948494278,0.5601066741057961,17.388838336878347
51.78992870571542,-0.1931647786594683,3.089452191674678
14.345465876334684,-0.7557884152194059,13.653053857655449
82.50669677542632,0.1905456884980096,1.233938271338215
22.072355879340613,1.3202165702882995,10.20113933133018
114.27345706160291,1.2773425990122615,0.4842977194912596
8.111051252088071,-0.1089791716423839,15.619189748065931
67.26332165092428,1.2526040412833377,2.3246287340941514
7.226842334133992,3.534741110580014,12.65733110870926
15.83838533910707,1.8862679539983425,10.323733933070743
7.062473283610661,0.5148045151395951,18.0709987817718
44.743111243025496,1.9372436219679825,4.418201873386261
6.251562778008838,-3.322351799223433,15.35222661738151
120.86352489790282,-0.094200683869384,0.3578359194305268
46.323511528257384,0.4599664977495733,3.940612198566426
66.39380106713327,1.1194684347978767,1.8785896282322452
73.89793378101379,-0.0347718680287671,1.4899185206877252
6.2919372937440645,-1.112244721102247,15.90885173935338
12.083712106652737,0.5635129132743483,11.500693435432732
24.47176685745623,-0.2785791137402418,7.265191263917425
16.131774750732944,1.77248070570696,11.319787047265631
13.021064516336605,1.2509301049521355,13.445252865637512
28.338118728952914,-1.5980169310883785,8.231901004762264
97.0444225429253,0.0641315384911715,0.6466155920117314
1.6227493876143715,-0.0561813509782623,16.873849023321196
35.33574833750557,0.5507841742037836,5.892466526411879
4.766020319745832,-0.3111770554669897,15.05366606261569
48.35096331674686,-3.070289428779404,3.652520881724066
30.711735967302968,-0.0674728920882707,7.761249162197709
21.252905075699385,-0.6639836217293356,11.450331713252815
9.215900253133967,-0.226405288765216,17.062968093850635
4.652802753145308,0.522178770520821,16.95270083673876
12.59691353292333,0.5164003603671776,14.084343136953464
62.04506001207953,1.0543566678428644,3.0032061924421494
26.830723353008764,-1.1281676340001467,9.220600942523
48.36580172871445,0.0830326944908139,4.524091222941825
22.84330392621723,0.4193441977614097,8.609843903849645
42.988408422860346,0.7330973170398563,5.220318355377271
139.80585239101913,-0.079835661771618,0.152460655193125
19.237032504493477,1.7299830335027069,12.181743527559266
49.21508111258142,2.0135387922194,3.2770200651762464
41.24398379940101,-2.5309827341913107,4.088178706654242
116.14707767816627,1.3630575423380278,0.416152097747352
15.160892112712103,-1.7286834043335997,14.349968583605865
28.84631946052427,-0.0348561362651387,8.070348957677403
111.44680261967275,-0.9840861466002482,0.5220027742965738
72.58718736392157,-3.5908372310622894,1.612168150032404
45.04168191916094,1.1849863779300798,4.26215457523469
16.41203225900274,1.289560050796544,11.665824064555611
17.35315894139206,-0.0490950744104829,10.916952631841248
19.911864478327722,2.6065095635119926,12.23249792344799
26.514386049412558,-0.5286380413375957,8.15274605422158
10.341596811025537,2.051628822961102,13.055566040307228
18.24309520328926,-0.4360224663637559,8.778025667088682
1.5277603453755042,-0.4143014183104153,17.530692629501036
22.27833824821316,1.968345922791264,7.616357610524963
18.483206402473655,-0.7209381940937749,11.515120960202738
44.78755709239634,0.989430367110722,3.750064312105023
13.868917187965064,0.9925349975572746,10.48407352910312
10.614401354327747,-0.0254854472612957,13.223727002777876
67.13515289708339,-1.0243522691558455,1.7907843863790385
10.882157577551924,-1.1924371558024909,12.861893635414004
29.212768579293495,-0.5716521345859236,8.10708089173951
7.404935405891996,-1.193790650146399,15.964734896921922
15.694402848594743,1.6660069445155865,12.07034685958455
24.58071345021769,0.993740709383684,8.591799641133669
18.133836677020202,-1.2147355851272283,11.856631752930014
21.74491680579171,0.4642394922671542,9.38007212563587
31.632421501523744,1.8902469581309904,6.7475167988460445
47.07523678282683,0.3320178205450949,3.835173556325465
12.256030786496517,-0.7803904036116237,13.64113215324946
17.455634606804953,-0.0599716798155612,10.69731193987721
25.865880749848174,2.720965889512609,8.310307398457491
1.9575896368112753,0.101819321819916,21.20904859488066
33.20089074054496,-0.3400896787187303,6.563969088977591
12.386912275541325,0.5877715512852704,14.507633758411568
34.81123828269406,-0.0330653883826437,5.375281915506335
43.880187688972136,-0.4940200606425924,4.120072460983069
35.642586172779936,0.7604727382502583,7.288860975613833
3.511657325462706,-1.0160992805879403,19.12697990018965
4.3002093014916065,2.041116455746944,14.534773541166548
10.065574495723737,0.0004579932432277,16.202443277868795
20.191927268273506,0.7182728471210601,12.172812461619618
60.706120111467456,0.2619289037158807,2.693146374029776
56.52702561047388,-1.2425498711302922,2.9566791908509105
31.355953741878427,-2.698439906497031,7.928514469086298
36.09727119900967,1.1783881814191557,5.947122534290179
15.782349806697859,2.168441332459804,13.988638737705667
26.35610089774393,-0.7387651549855281,7.002935086932308
18.94718957685165,-1.2989769029384457,8.627063437143326
20.127064198868627,-0.2053743390137469,10.818435519101426
71.94610747097563,-0.0876642803858314,1.4850924588749432
77.69339673393175,1.639171140750864,1.366808271817218
122.32763538356043,-0.390301612079496,0.3872129674311244
23.4639735590859,-1.3660588055020113,7.548559718362261
34.17466391028894,1.9094796329370307,6.963116501081725
14.064263656828969,-0.5722504380080711,13.82955217778064
13.329866799885503,-2.57394906410139,14.960005478203673
36.45940192317933,-1.20971180482083,6.112776411325268
86.15589788215155,1.1867823527242334,1.1433827251334885
6.297220406823445,-1.6777711891942415,16.975044867741566
15.743905907960185,3.340584270091417,13.49981679668549
18.809573100132113,0.5840497912089282,10.583190245933498
62.70591011979022,0.4052385954458003,2.778510036519835
40.53135794150541,0.2702312944105041,5.992496307030248
45.01885600927894,3.2061443194790287,3.682670085936844
28.773417898895595,2.185811186697676,8.472045925609372
37.166947647464085,1.9142448843229307,6.775696780034065
34.11200356181964,-0.4625260984838557,6.604493563067814
8.139420298692182,-1.3856602292892113,14.866443359298234
18.51560632520806,0.2693005512862667,12.121327635723212
10.769442394640922,0.8504561077382047,14.68912858917786
44.32639816508419,0.7867539271600325,4.30755527598976
19.683537795587227,2.618113487665221,8.600506556314954
11.287578371238848,-0.4139839788503612,13.707576066961154
57.809928747359024,-3.273235546499466,2.881100127721218
13.762614257615608,-1.411103758042422,10.452705491351324
19.091863947536144,-1.2999597709753967,8.76716712131972
3.068386296509956,0.2551237064066671,16.109686358377708
29.609906072275262,-1.2363517246040776,6.631039587862127
90.787399824409,1.00799706480514,0.80232142033178
78.77663622934506,-0.5355464255552533,1.2013037250676977
29.161320369816277,2.099349713231569,7.261170718287237
7.728146021985958,-2.770780787218967,13.05196865414528
19.25398066267913,1.0176369597231516,9.844937858629814
11.105287640652143,-0.5813710679501938,15.274891585715649
17.39646913209782,-2.33465598669866,11.93098452022306
64.52197113570756,-0.7116131084800833,1.930276979127792
95.94704154467618,1.927803035980568,0.6648994520778391
133.957556120693,-1.3221406937464466,0.2390669625219387
43.08575523164768,1.6609961824475927,4.319991672775085
1.460360863779366,0.9212228029311847,19.10768609823597
41.003613748212956,-1.1592851490170002,6.059999589334288
0.9350338881115188,0.5320941079969508,21.507993039609172
55.76554462360988,-2.9076779537950066,3.41367651095274
24.389835939787986,-0.634343672837547,9.813255701700374
36.40783598920715,-1.430781146293743,5.795059254516022
88.47121086198871,0.6763664540606193,0.9923532478169385
7.777004343376179,-0.4775068651958722,15.97990512010186
14.610411705612194,0.2012263338177361,14.198099914506992
47.35236833614805,-4.186583562892768,4.488854217150836
50.63732912317269,-1.9077154581701492,3.1459299157543863
11.299332141119876,1.3393114523172764,12.319286058632704
15.03542259663567,0.3774471803755668,12.013074141736286
7.838557328065029,1.008324548834422,15.36998636210677
42.07325275980673,0.5282463645635986,5.736815147221127
15.040269789593331,-0.8203319235512112,11.109739360502244
35.55028539345144,-3.477890318517969,5.5462691522312895
47.43141606295055,-0.4996783153785469,4.453461668842109
30.8166775631461,-0.0108187776178795,6.31097948590753
11.196997456227548,1.0735573046989408,12.17700086748605
22.449515481640734,-0.1635520767104406,8.107959486873094
117.40201308169941,-0.6930671204269225,0.3378125476128707
20.900631741501915,-2.05977570030442,9.079665390577675
16.180076308343928,0.2938008503197132,12.174690218045784
30.447737595963563,-0.5576111718828132,6.914183451601691
4.183084982467397,0.2629965462663862,14.281240610316225
14.82120644890815,0.9209892777613932,11.460220812833128
13.590297418346374,-2.460338898724676,14.78640078625038
54.33013259947202,-2.0027555518246904,3.606261830406113
15.297562985736354,0.7643700307492903,13.112170925580823
40.181797353165436,-1.4062603675718033,4.420982088761834
24.51388594195853,-0.405034598467079,10.381578570663375
22.931007913508026,-2.221472012119712,9.567003111314763
28.796108877987106,0.7676242746086754,8.959817601320008
4.319007237102682,1.2535127700031452,19.393679756473883
94.37121562203895,0.9772329782371004,0.8047932855294531
19.83570803729764,0.5823922577723261,9.753544905725375
36.97887719518227,0.5533537858949039,4.954308772194016
27.14612925444449,-2.678290536826075,7.329683220900201
9.050001849498406,-1.570976166744401,17.54818366603215
28.92972573128007,0.3748175109065457,6.764255657502927
6.523387560026489,1.1186711917398364,14.894386324256612
2.9766471153469256,-0.4524192335296719,20.037666504792007
14.670731674464179,0.5322759101643876,10.532259971860968
29.120313766117395,-0.5736009591269133,6.408066081313207
5.514078899780113,-1.1921165458109222,13.592890264779756
38.22089646674083,-2.7285039455158984,6.0741234609010535
18.736582611308357,-0.105652940998846,10.08170380674711
42.598127655297255,2.256917668335946,4.543984327608003
3.7717055483964197,-1.68366260315033,16.408137150894103
22.5752265717146,0.6203826649488013,9.10692137992428
32.78384068078344,0.592576866388945,7.478485757573708
14.860810987977624,-0.5862577501653619,12.927890505372613
19.95877809680273,2.0631684416353964,8.409451761046126
92.05517612132155,-0.3467208640901753,0.753346253770828
35.76489469387749,0.6396594508613281,6.091148678320098
28.239758346388463,-1.675776757581883,6.912348131339163
55.686207963655995,2.364083633404924,3.7476173003800457
2.853101268743869,0.4911201822147538,21.35363643617797
11.603496731920904,-1.9602829947792468,13.13962143942696
49.02640124848514,-0.0430651405073355,3.9454391932095754
4.49222310433901,-1.801295880605124,15.628880288968272
55.972385987877374,0.3163692787746942,2.7786584824471428
11.397054295473481,0.157317513655023,15.036515641307302
5.058238897781751,-1.413287133994933,18.470219753462263
67.18714572233802,-0.9032977090840733,2.48336573379704
36.428567735774664,1.0659910846176044,5.817221083081182
16.95166767973562,-2.5464170445268417,11.53759656447673
47.5613865093905,-1.1854238423867036,4.236311016923432
6.343132222128644,-0.0796093183528026,13.47849497642733
36.84086823616755,1.2309224867323405,6.035477482764694
40.495307973075356,0.4563302716663764,4.180669180813847
5.390294966177716,-3.185539252592234,17.075631546911804
80.00484038254949,-0.0350009701563531,1.3513294991288802
58.13269904790644,-0.7790131018505189,2.4569545145171747
62.68275271914458,2.833680338463522,2.3784531759276573
30.645242957142948,-1.589908840986228,6.103679046520107
73.10898571078232,1.611488004037533,2.094113738012103
8.100143243881273,-1.196473666201077,14.381742262478207
26.878049881278457,-1.3781046583699728,7.47638039261946
20.17414735392003,0.8883014370716447,8.916259450624757
44.004893304218115,3.0476890419255103,5.343088316441331
29.318250031887167,-1.7678872557620255,7.976514499669611
18.745468340342565,-1.6567664152989297,12.611671152014829
4.8220847045956425,0.6730349746124769,15.948003371246726
34.20402329367599,1.578158276470972,6.207979167423705
13.61153173959967,-1.1879935777990132,11.070918751701823
27.279936360513176,0.956066086857127,7.123582805696408
26.245011831263966,-2.2484887021834306,8.723796260385273
4.743021614196692,-0.1634171311284075,16.658070350798926
66.67766960149265,0.7356234388527632,2.5285494867949883
140.25974654247068,0.0743128293543154,0.1596759430004236
16.077264027127146,-3.4090650272364837,12.89579237261507
4.712726803748972,3.112640518389312,19.136739114032604
9.134616342966796,-2.1863938613424176,11.95210975928752
13.397833603906832,1.822905845130418,12.903010382271692
55.08978353106877,-0.6979181238695424,2.6902142356619456
39.58867187355553,0.911929982689942,4.838164887323182
84.82882956550962,-1.3465157710264333,1.2926750587937492
11.597575110816319,-0.3692699414765028,14.823153678783548
15.422297960432044,0.4840413862359848,10.889858278362135
36.01286950161601,-2.5903004380329016,5.575266598996986
80.440512257261,-0.2094972792529648,1.6062486369436
52.83583449491103,-1.185084173005552,3.9558459571144255
6.121005747519995,2.6234750200013983,13.098956508562749
10.010155094912777,-2.5593020341003925,12.98079225641276
13.332709579126806,2.520709820153202,14.021935553012154
25.026276243244666,0.9729489505356712,9.925024913258524
41.53843573213714,2.905523596927726,4.141473694294268
27.18332079515787,0.241947126463711,7.315934901565916
18.73925646410773,0.9078316535040772,11.298980836620787
21.647101774226105,-0.5217020047944967,8.677398206828721
13.682771658827061,-0.7881683270656437,14.179621308914342
15.445358061307806,-1.0709296204742196,10.098688783590728
70.8642338647554,1.343162688414124,1.7240220658575114
105.18103481492749,-1.0085031367764654,0.5918463171304603
12.12422197021177,1.9671514207207053,14.402894649866926
44.771614122964124,0.2557079300541031,4.477234177186245
17.269481391152123,-1.705800064616482,10.306245942205983
21.560708739789057,2.0178417332804157,10.80757951335896
11.009132218758678,-1.673352267014799,13.254543525535173
19.061325762765026,-2.661573042606635,11.561738559339483
20.991437652022952,1.967690819363164,9.173597575286989
16.974025105600678,-0.8130537967337839,11.927310132871431
93.37550797221373,-0.3983470319319758,0.8291595522149362
35.97101748949302,2.382116565017575,5.041444248405612
48.76110134853366,0.2997136228676138,4.356975450556088
26.39665117311069,-1.0202047997631576,7.295816506557156
8.959506478832777,-1.4997985219333012,16.97117022392106
9.828634532946698,1.044041044657416,12.773215661201128
53.72099291251378,-3.127066013790804,2.717645007904022
3.1439191299164726,0.6492488736988913,17.901359019767956
6.915570661572107,-0.2553811964525003,14.167157794482584
45.06640862892544,0.0202298245782207,4.958661869875405
32.65350433067408,1.19623085105537,7.38271290929285
15.843968589421467,0.5060440781904598,13.031950221345886
16.178055292646963,0.2989159489351795,13.204248258569436
35.72236717443433,1.4156066403896586,5.33640285412706
29.789867649164957,1.9967544068384704,6.886880329579994
22.677479164946995,1.1875256229527693,8.506052431917112
35.205450970062245,0.1761104759871374,5.669035954199943
6.23239214712218,1.883227535003993,18.897804489587557
24.258514494736186,-0.3975765324679995,7.188920460119537
24.5717320370357,-1.13710455311332,7.435514520441802
26.0930980102823,0.8976358819953287,8.036832133508245
13.071037322105344,-1.319930885101441,12.069158175226717
68.38219171942887,1.4087442580473108,1.7156197474051442
7.001201538271243,1.1494185022646104,13.565035355556867
31.959226773903495,-1.3066079496864529,7.507331676036947
26.537460555821404,0.2822476382062404,7.634952375910698
13.184927985902064,2.546263534481221,11.966761234080227
30.85615496470342,-0.1319996877775492,7.880050032727619
51.441636680854515,0.0878587329209545,3.3310004546119365
35.279498078967215,-1.027887627004634,7.055509322413383
148.24950659800788,2.1204605542290995,0.1202872835838198
36.929074228758346,-1.7914923009711543,6.419883097833582
8.330463410199872,1.7761137478240547,18.010706432757797
9.322018541570149,-0.8156348086767171,14.583088087926754
45.42853991038299,0.4208795478358502,4.222291298032749
23.314652090812842,-1.1507238739520662,9.84402697762266
26.948348434674102,0.4938527635281327,7.72716086538621
32.657270515961265,1.1503243674787822,7.040980277899488
41.26613909348938,1.4178149437296537,4.551170553661812
25.013176584748056,3.1604942618665106,9.91281528192506
8.078205303892094,-1.339408985735173,17.291854278229245
0.6430996718867235,-0.7405637787721536,23.310710921164983
12.251309851879485,0.4298242717354726,14.326463078890852
26.31036800540869,-0.2596500191674506,7.177090133549209
17.03971494879127,0.4651102640000514,10.091268583677005
38.327179038512746,1.080582266382303,6.394999208841935
28.17051543261274,-0.526180526815123,8.209689630814925
20.873389891236183,-0.055854195084272,8.288057593996198
11.520033396862383,1.8711546495361888,12.423744572538268
13.57786080173471,2.1435346968524938,14.073140636138682
19.413081328190877,1.6056683393886706,10.857262205363687
15.260829075011994,1.070164307410401,11.897683604631093
13.168973988507748,-2.842929463500696,15.416583908009088
3.774001999271808,0.2777564698602831,20.27847362027056
23.03207549674498,-0.7972773433951117,7.618753787344973
23.485796300526943,-2.0605755002365016,9.143309664842
7.849529826977074,0.8205005537320407,14.640035819448077
18.30042144108139,-1.2800102087085925,11.000246825206196
73.67261910394267,0.2070394610746385,2.028523288208444
96.44013333671668,1.1857995075872645,0.8228078852166458
27.984495105492666,-2.045794494845676,8.452334369526477
24.615025313875677,-1.275072295761123,8.331214451855303
24.36895200405891,0.5478455499618782,9.68803903141854
21.233449132081912,-4.900091299309785,9.39138130735933
12.801434971288355,-1.932751364599913,10.498120560802306
19.364371752515858,-0.1570551133851797,8.785392520887378
15.270722397766459,-0.0258902984120817,14.048793708992251
31.258637045955563,1.1762482814447146,5.768172050717925
37.13113916340712,0.2515248615258316,6.091661127445853
119.48569119595405,1.3301466525568326,0.4467635584014244
33.37941814196728,-2.6798854081832246,6.503936228151678
62.56280005124973,0.0100306297165595,2.01673038966633
68.2360228804856,-2.722635744839184,2.251228668545291
70.76573768057366,1.0591703023232792,1.554834812068742
30.761878271679336,1.1515709339000353,6.018150939462295
28.323005706456815,0.9803131165494988,6.276366287166439
63.89748341287705,-0.1025985620075047,2.202458735507318
51.50379128787514,1.6546362896568407,3.6163099034652735
87.25678882635539,-1.1135088261976924,1.2384760784758104
36.708292153175165,2.5707792826320417,6.422139467015556
5.560674352504397,1.1116107512547255,15.124209302046197
13.513414017897285,-0.923903198165268,14.46952260514698
1.6962830791370351,-0.0317419292855054,17.771667094639692
16.707293304465942,-2.106512976935818,11.289962595597451
4.182469414779826,-0.9618754404140462,18.994753190250844
13.43891258481614,-3.275056815174985,14.254412085390888
9.705087877644518,-2.1117200556292857,12.048248142649316
43.791276997288186,0.058690491325758,5.392197405993732
13.411387313107738,2.857988507558088,10.91131587969875
2.4009017936606845,-0.2568437576735756,17.09959581627817
8.7267518813198,-0.9033937992028004,17.24596890197223
7.384389032688546,-0.6462521147976702,15.572896986353571
28.077177024348977,2.22794894251499,8.289635104624844
18.104400189878884,-1.9252380603542807,12.402600657939354
18.477610875670948,-2.076849712725228,9.552601806796078
44.29356505228772,-1.5660251871679418,4.0342725410857305
39.58811763755742,2.245533352218088,6.050034908586947
48.9328410365836,2.1757285395365784,3.86371285358192
1.5711178793125407,1.3953294074032334,20.181571223070463
8.51786094395671,1.2730291883754647,14.32111268796054
26.80260615061781,1.5351966428122743,8.844096178767167
32.52058086341265,0.1287297941534983,6.317420192061766
31.841566006928765,-0.1382465371724237,8.063039334338477
11.080366681932526,-0.9419703038728476,15.53356745366569
22.57846753068197,0.1991423607852497,9.177545259724562
17.62721796792168,0.5770317886341472,10.392780695758642
35.83255596521791,-0.9884729824479954,7.198284481311144
66.50868613352911,0.2666248603137539,2.1099415089687272
60.0198337004354,-3.213979190494102,2.5975317310886514
11.753083874423789,-3.3812224096786947,16.032670916067453
86.96646660316866,-0.2597889538534245,1.309883714245162
57.895220639911344,0.925025562730644,3.449648256421903
18.358734402726018,0.9836990864624696,12.15371655769983
19.212055666057726,0.0312490218414978,12.15639545093431
11.174203847798065,0.0530993585729881,12.326343686137673
12.590509077695371,0.9482794989063758,14.962631850138497
17.308664645954277,0.6031922761953651,10.534426150570614
31.291354706873285,-0.898860091323032,7.522430093393347
59.522046726082785,-2.1428162561220923,3.0395536949202877
3.7385834797219095,1.75988415847114,19.58660225922617
77.05792855056211,1.8390967984328783,1.6741102437420634
19.930475639360996,-0.4544839008543214,11.281981260041352
27.740956855420958,0.357821751143524,8.277383247097138
52.47512148237325,-0.930359318861358,3.632198390771094
54.092876417144986,1.0016161476163257,3.4876736972701416
7.315975510583136,0.3926148900034835,14.666265054394929
34.61650687637368,0.9558395321596068,5.7655946850312
30.584528147783168,0.1729424757577208,6.989732425680321
11.091265263127802,-0.3600068800273762,15.666174148920756
19.294936598158998,1.9823683665138825,12.036703986526902
48.881958325587064,1.133043020372271,3.6371125273756513
28.976575557375206,-1.2321636812646832,9.013453424613878
22.788084763839525,1.1002697324248685,8.619538850966732
17.086452397970866,-1.358000215581473,11.09052707191182
17.203874011136826,-1.523232186006053,10.527787223935835
42.72029412485767,-1.7388539305137756,4.876010400463913
20.124865475892857,1.975798889583184,8.795679374958116
13.435465477102493,1.8345504656479408,14.379241483219822
42.052429255877136,-0.8051682469397997,4.034260447766901
12.21386874593933,1.2565498763859404,15.383268228678672
36.241873703897966,1.2032429730576206,5.587012462349902
11.519969727182474,0.7901130284830403,12.842802481030802
2.4927198332276723,-1.7020778720093568,19.406478123108432
33.883852327818,-0.2556430965917898,5.814178361662976
3.1304429389858357,0.3201467300867049,19.652756040353413
47.91679861478905,-1.0912801548008113,4.355246929323796
17.126612774990562,0.5043301296891854,12.814372945997697
39.978256015323964,-1.6430639650288952,5.0073244552783445
23.58845913304792,-0.2450049231965902,9.612941827128912
64.53169923281268,-3.098150353448994,2.7251225779814208
44.246492581481775,2.8400581934111977,3.701859310096369
100.8127911713417,-0.0939980419709233,0.7879746342539256
17.663816910466842,2.1800793040344404,9.73083224313544
18.701830665648913,-0.5912181410128856,9.623392279101296
50.47057410036068,1.7022888960666889,3.678437477161579
50.43585947930527,-2.293832917420289,3.3907149818939946
38.0306136944368,0.9595109477468944,6.552327640775719
34.11000218531536,-0.2178429372382367,6.195734970990288
5.723237986884124,1.5183727311396669,17.181346115116753
111.85453475989871,-0.4406190055786043,0.4468683848539047
3.672502205556335,0.9651808862759612,19.196415375461623
54.62265469143946,-1.812353556428275,3.094349767753508
79.78652601116762,-1.1171093660319529,1.3103526022158802
19.541305626968683,-1.5691215701141648,9.2197283612462
41.48133929431065,0.571798968993025,4.527578711915306
5.973956491509361,2.35595416411156,16.79085929558603
13.87044481572563,-3.1464053335239,15.039034313418425
19.43457147416728,-0.3391674165862453,8.494711251157277
30.325909041069487,1.2608334536328487,6.846140559487446
35.07040092042466,0.3263689924331581,6.353740170616195
21.58244993876895,-0.0085616489422761,11.381769570314786
4.746501760528956,-2.2832827091003502,15.149512886075366
149.57289197223344,-1.820361700304339,0.1191194204422504
7.762541979459845,0.4203507912140968,14.875283496592855
44.450907155411606,-2.406298261675955,4.725469948069208
22.347168962005945,-0.4626128664576165,11.24367842716146
44.94541596308479,0.5370234953697803,4.534441725783486
18.053270269605985,1.1093584549718891,12.38612798778223
30.784676664606074,-1.3572854076660137,6.243377073705679
13.325814984937328,-1.3241884320861477,11.145331605923042
73.76271502760302,-0.2756643720810501,1.8155977282230555
114.59973292151221,-1.80368707176269,0.3751567953005689
63.128583847387844,1.1399894414384488,2.535778666729251
40.957635507241655,1.252723953400496,5.247873283246921
19.631724317146475,-0.4466651402103159,9.855853433864564
44.771784700317106,1.6259622525174295,5.150386777421216
57.85544967427625,-1.460712335864724,2.755011532694781
75.01541811739958,1.597771749359867,1.5245028031079404
21.643617874158927,3.146107527284609,8.581639972966379
41.43571947380069,0.063464046893539,5.622127736631236
111.60986718623481,2.0386223197116857,0.4091591472317204
28.65815015228996,-1.6481035229714809,7.577854388190895
98.51619418370927,2.94250009734184,0.6094171097663768
43.799871202852614,3.3110721192026604,3.846528493425363
17.697377422422434,-3.658966436822488,12.045372324420343
7.688177536849969,0.3601022909612436,12.52975757786784
26.138135752684224,-2.134773494993043,7.675360389659074
17.50257131766082,1.1266447988308692,12.126736712334036
26.739965670065217,-2.3065227416992213,7.967889025169323
12.695004477785595,0.7117099849601674,14.428073114906786
4.481548106122341,0.9293356563409684,16.62459241475951
13.637096745081163,2.283035203514113,10.648716250324147
31.204430578026003,-1.389698427642858,8.196662632324491
22.043100148537597,0.0385482029493942,9.380025917765431
52.45917237717344,1.163393414951234,3.575195540886325
28.775125912682505,0.0603529087303469,6.808949984188997
16.154384671672243,-0.846902318905794,10.697881557384164
90.12387245524526,1.1584890489756956,0.9677844277722464
17.289282307465605,1.7831589711212723,12.116412684067798
9.816700527825423,-0.3882812166226638,11.696277121170882
8.939389850106538,1.425195186901398,15.346559601123223
36.76610329562182,-0.447504814501455,5.650849034996488
29.84030599691641,-2.440702439956321,6.93592651363692
7.428628139255607,0.7830900199877939,17.895183390293635
20.848327053073916,-1.0414716033799316,10.08281183053928
20.467683197106016,0.2027538621423023,9.47206925428818
12.371862470048585,-0.1529630638917919,12.067097108334448
47.358455128053066,0.5309250635866675,4.058088117693657
84.99139916058864,-2.107670567633145,1.3366826422388476
57.370886982820295,0.3773025734636688,2.6030539055561093
35.28269562684567,-1.7886531289321108,5.179644933435949
15.818565596575954,1.7370444489286765,12.94323062636083
79.42257864064369,0.7803374111978565,1.1650597161960603
31.81442771856861,0.014701480206506,7.45131050357779
32.969697745155806,1.1536610895924715,7.169658500349277
22.282362229610243,1.9906955634400911,7.960647348421488
15.202345545690473,0.5142286146000895,9.94611602367612
71.323847695636,-0.5262546398790479,1.919313312384359
29.236537038292454,-0.0750917907172252,7.658731981060825
46.71050748212389,-0.8915831800882288,3.568495854784415
3.7115425192001363,1.9305359189504012,17.972084910475534
11.61985928629063,-1.940747641746404,15.538685172469828
14.42795845164392,0.156045190301253,13.736044214463396
9.546260812372344,0.7108458203774873,11.642096749910683
46.73952260096775,-1.9450319913478975,4.198745790195412
20.951245808862225,-1.80055474649437,9.150587474476326
62.013001639611424,-0.0825649011778736,2.3035427823539694
43.62708094147015,-0.5833671310047983,5.504417644670028
21.98083509528048,1.5063923793103804,11.43608883254638
21.903322625222366,0.2867528855822608,8.884033656459946
80.75411385828846,0.4721288190308086,1.4299141944704057
30.39942192711068,1.0699010152237458,6.427427249829113
22.82981515029565,2.3757611229128948,9.45765916184363
7.489800658221491,-0.636442834703682,13.428583343289633
12.372537517831994,1.9562006455818688,14.754715167157416
73.08761977716485,-0.6753626689724527,2.086521154782699
39.5688952419598,-0.559589942066422,5.946727865549455
19.113949057777724,1.5465416342603149,9.745356248950728
6.72938421078962,-0.6942753538543497,15.047570110055103
43.52053218957961,-1.5006168394897277,4.532779780274439
45.680881821046405,0.4906269128533753,5.18029950768526
20.37528529789664,1.3889405853341763,8.19156717007522
37.72605925254506,-3.829913708277141,6.179974170907233
18.303273466884054,-0.9258039958928008,10.108201282240016
25.739820226627366,0.9437158234965212,7.513420657853111
22.364413105307715,0.4419782224287977,8.827650345145196
25.986944281551843,-0.5595362959066852,8.309307694841296
112.17243683883054,2.1102616693527687,0.5532921962236941
21.670311956647293,0.6274917693960413,10.126793379435975
15.716157720807342,1.7223206665158086,11.225937893696663
77.74403326637173,1.275305004890353,1.2790342965979449
44.23826139468181,-1.1700429160218997,3.93977963014403
6.665587384939561,2.3126407633651,14.0934488431823
9.957615782505165,0.0586597984593787,12.977329860781126
24.43879033967664,1.9552796614203865,7.162284723685512
50.57915918439752,2.396840447695493,3.4295547633081185
69.38308780906696,1.091363899763158,1.9368457005024384
67.8650630655065,0.6779624562537293,1.943388213428758
40.053268912732186,1.543739518781345,4.7476093544033375
43.952950630240046,0.7477473077470641,4.429436606049666
20.23294970579149,0.1094816303658609,10.30465300103062
76.12349475327785,-0.2703097062960738,1.2853789694425817
29.052509104281263,-0.0208665931845943,8.474955907474763
26.94823002089516,-1.8970264581463316,8.358218376300295
117.33748535346984,-0.9638143835801892,0.4053954395090409
60.859710424177464,0.3656337884301932,2.7460041296851823
155.6104273641231,-0.5286775516588097,0.1237159162699782
27.537329823944763,-0.2760888986152517,8.750407638325392
31.911866770335617,1.6200607340789444,7.311561124176049
21.036603343349128,-2.2690730783439936,9.651358585096888
4.92677705445381,-0.3991608458139646,13.61993819380072
55.63233606347824,1.064086637018645,2.8288986882636
13.177753175014356,0.1267677565977118,11.996313127054645
22.632755610296194,-1.303359424798744,8.858756986264773
73.78212164399383,-2.2166154919363827,1.4721385248824266
44.61597316363407,0.2583682484278907,4.704373625709752
63.43002540035075,0.913778486409606,2.4529747269411226
94.11486094917261,-0.6106704137032811,0.767000501121482
13.586762902594765,1.1540386076667837,11.55136979833573
83.34670077110918,0.2873197853594107,1.4412957151198351
26.358901604832965,1.3759090274097512,7.892057705769
20.00058421191937,-0.0936752709114314,10.049687225969144
16.43475080456777,-2.4599891813919816,11.011378177347932
62.7664563593844,0.7767540209603232,2.689937573060938
10.958515997882273,0.5126935250630154,11.772222968349212
22.05335751273046,-1.9740947399062567,8.403758774798678
134.3388851924603,-1.5282554867436375,0.2143983282246208
8.879002080789391,1.2638499293148555,16.681693754675674
25.082013440512668,1.0724769900235105,8.16437135769111
96.82756393024489,0.8280969747983744,0.7298378331182608
244.45670056068994,-1.369914111714012,0.0061151844612547
16.41942215272486,-3.628300136550621,12.252012901738697
12.472922738435052,0.6600198996162463,11.87175783504986
30.88164275432813,0.6056821295781242,7.894076862022021
10.001045330607699,0.6285485395829683,16.430035360489416
33.30522987575609,-1.0751360137366586,5.726525408971498
99.40826460335411,1.1206146071084189,0.7981235631913279
50.45170577603317,1.284432808634248,3.2185294926735355
22.474979908092863,2.8030257805687846,9.929155971304716
79.54605082953485,-0.1257269580218515,1.3158114419389575
66.07237507475364,1.3140694362900027,2.5397039209495675
78.01785190561124,1.3975074566775083,1.4995552548440625
5.240663265421286,0.4203307479098033,19.462579412504383
6.127775694454768,0.7305193622154107,19.45755602924349
62.01472517963821,-0.0543005176398199,2.160786207559888
30.90461665447225,-0.8455472831509738,8.289519592422762
9.456820456568442,-0.981925603001338,13.80786808444609
35.43312404823622,-0.3591891343956244,7.003057604670349
7.793287670781982,-1.671695684480222,13.14047207254283
86.0672291458888,0.0950549842242117,1.0915522345703483
65.94517437887222,0.6139230706997818,1.976990366134609
24.363261393323498,-0.7219476982158481,9.476314901231431
26.317774726714596,-1.1277056555371998,9.59474877982881
48.21194940069435,1.0628497051112558,4.13679439121508
82.00231355419427,1.1564298407084903,1.511063420784021
15.59097348716148,0.951160056944864,10.195310849261292
8.959459042040573,0.2960099978075222,12.82983769386686
13.789029343102415,-1.5511777330624934,13.280563470201768
55.250648308406795,-0.7549259515312747,3.110239530659498
7.882678145408632,-1.3632335598759764,14.021000773000807
56.7742856678901,-1.3014840284336735,2.817760277997452
70.25628509344097,-0.0903207703330564,1.9605549560379765
38.1655545938022,2.71925852323662,5.251016991194351
27.101389795634525,1.319555207804452,9.610495581870614
5.336270138018354,0.5525880867333088,16.45588819335845
13.864295602842617,-1.1933993607865736,11.626180720747447
37.96396137185252,-0.3916155541823249,4.700973426531246
74.68714948733361,-1.5094469059295457,1.9897261064325469
15.666151022258276,-0.0448135712752073,10.54424150026692
5.098988598493838,-0.1458663209977953,14.52347881164509
62.69025356191373,-1.3944825815891542,2.771749443888961
17.297756811961413,0.4463124608634384,10.672013941207627
4.07084296974614,3.61016534978094,18.400338462804157
29.709188902106835,1.3831530141792732,8.743321244762246
37.99258672505168,-2.0844979373231,5.137182668075243
107.4280469284996,1.193713962564149,0.6621552417827496
70.41285763235572,-0.3970106548158473,1.6345006245936615
87.54498247027956,1.141291118867186,0.9992180054469278
81.68698999096934,0.002535739918123,1.5550169340010986
10.473718563282949,-0.7067565684508053,15.59906523227377
64.42069249993396,0.4461856305928147,2.095222951174759
47.37172648181167,-0.9075515517095376,4.67481330190571
18.72698655549872,-1.1866188314662978,9.754452952032109
81.3891759850958,1.7567273479548775,1.142016067792727
23.153586756495017,1.7233029290323398,10.207245218148456
0.8661592345477744,0.9590567598678138,20.42991622572995
24.509456093465527,0.8703862016700648,8.124275730645282
4.366315344595473,-0.0735107373208034,20.60395416672992
74.4955873523673,-1.6494662245809968,1.5173433923034836
133.18278503526244,-2.3230404805210467,0.2328934860881173
36.82990315243461,2.140593060903724,6.308218621988478
48.00657504256806,0.0568464126106385,4.840587571692293
32.308018820582404,-1.068482826634323,6.438199133043204
77.57691663340387,-1.4550478366724209,1.4593679131906536
40.50689767938919,-2.4572007027846943,4.727877360622879
42.17091502832267,-0.184811560980723,4.746299955100338
74.68915473678665,1.127142415778736,1.3821731843392104
6.61428604480327,0.3854580206472622,16.627231955800827
33.413959279895046,-1.0500790410945977,7.304023788959212
39.341053219526664,-2.653857971000399,5.429906489775695
80.2164970967345,-1.0636964232245527,1.4357809186656394
31.05874925837264,1.0072774016407422,6.015704509707654
45.558517488138236,-3.584466841542011,4.682722110614819
